"authorMeta/avatar","authorMeta/bioLink","authorMeta/commerceUserInfo/commerceUser","authorMeta/digg","authorMeta/fans","authorMeta/following","authorMeta/friends","authorMeta/heart","authorMeta/id","authorMeta/name","authorMeta/nickName","authorMeta/originalAvatarUrl","authorMeta/privateAccount","authorMeta/profileUrl","authorMeta/region","authorMeta/roomId","authorMeta/signature","authorMeta/ttSeller","authorMeta/verified","authorMeta/video","collectCount","commentCount","createTime","createTimeISO","diggCount","effectStickers/0/ID","effectStickers/0/name","effectStickers/0/stickerStats/useCount","fromProfileSection","hashtags/0/name","hashtags/1/name","id","input","isAd","isMuted","isPinned","isSlideshow","isSponsored","locationMeta/address","locationMeta/city","locationMeta/cityCode","locationMeta/countryCode","locationMeta/locationId","locationMeta/locationName","musicMeta/coverMediumUrl","musicMeta/musicAlbum","musicMeta/musicAuthor","musicMeta/musicId","musicMeta/musicName","musicMeta/musicOriginal","musicMeta/originalCoverMediumUrl","musicMeta/playUrl","playCount","shareCount","text","textLanguage","videoMeta/coverUrl","videoMeta/definition","videoMeta/duration","videoMeta/format","videoMeta/height","videoMeta/originalCoverUrl","videoMeta/subtitleLinks/0/downloadLink","videoMeta/subtitleLinks/0/language","videoMeta/subtitleLinks/0/source","videoMeta/subtitleLinks/0/sourceUnabbreviated","videoMeta/subtitleLinks/0/tiktokLink","videoMeta/subtitleLinks/0/version","videoMeta/width","webVideoUrl"
"https://p16-pu-sign-useast8.tiktokcdn-us.com/tos-useast5-avt-0068-tx/7310136770681634859~tplv-tiktokx-cropcenter:720:720.jpeg?dr=9640&refresh_token=d44ae2b0&x-expires=1749466800&x-signature=ExDmhDE9BI9E9ToJpuDkYaSuP3g%3D&t=4d5b0474&ps=13740610&shp=a5d48078&shcp=81f88b70&idc=useast5",,"false","245","41300000","28","26","313400000","6865486669187171334","ishowspeed","IShowSpeed","https://p16-pu-sign-useast8.tiktokcdn-us.com/tos-useast5-avt-0068-tx/7310136770681634859~tplv-tiktokx-cropcenter:720:720.jpeg?dr=9640&refresh_token=d44ae2b0&x-expires=1749466800&x-signature=ExDmhDE9BI9E9ToJpuDkYaSuP3g%3D&t=4d5b0474&ps=13740610&shp=a5d48078&shcp=81f88b70&idc=useast5","false","https://www.tiktok.com/@ishowspeed","US","","","false","true","26","2200000","309900","1737215496","2025-01-18T15:51:36.000Z","27800000","2152115","Vortex","0","videos","ishowspeed",,"7461283703050833194","ishowspeed","false",,"false","false","false",,,,,,,"https://p16-common-sign-va.tiktokcdn-us.com/tos-maliva-avt-0068/3e8801a81e8c80c66fbe2a270fb9de35~tplv-tiktokx-cropcenter:720:720.jpeg?dr=9640&refresh_token=023d407b&x-expires=1749466800&x-signature=KUjGI7L7h1j5r1azbiToLYZlWMc%3D&t=4d5b0474&ps=13740610&shp=a5d48078&shcp=81f88b70&idc=useast8",,"ratomilton","7455009436152662789","som original - Milton","true","https://p16-common-sign-va.tiktokcdn-us.com/tos-maliva-avt-0068/3e8801a81e8c80c66fbe2a270fb9de35~tplv-tiktokx-cropcenter:720:720.jpeg?dr=9640&refresh_token=023d407b&x-expires=1749466800&x-signature=KUjGI7L7h1j5r1azbiToLYZlWMc%3D&t=4d5b0474&ps=13740610&shp=a5d48078&shcp=81f88b70&idc=useast8","https://v16m.tiktokcdn-us.com/1d0b33332da9b5d2b0774d22b94d6a5f/684473ae/video/tos/useast5/tos-useast5-ve-27dcd7c799-tx/ow00gYpnDYd5y12OCjFJJpJXnBfjneBQE8QhUd/?a=1233&bti=ODszNWYuMDE6&ch=0&cr=0&dr=0&er=0&lr=default&cd=0%7C0%7C0%7C0&br=250&bt=125&ft=GSDrKInz7ThYXAzKXq8Zmo&mime_type=audio_mpeg&qs=6&rc=Zjg6NDppNzo7Zzs5OWc5NUBpam08dnU5cjhydzMzNzU8M0A2NGI0YGBiNTIxLl8zYDIwYSNwMDQ2MmRzNG5gLS1kMTZzcw%3D%3D&vvpl=1&l=20250607111505E3073F216F9CEC1D6F2B&btag=e000b8000","294600000","858700","#ishowspeed ","un","https://p19-pu-sign-useast8.tiktokcdn-us.com/obj/tos-useast5-p-0068-tx/osED4AD8FAaHinXaARmOACIES1QIQSAfgn8rfE?lk3s=81f88b70&x-expires=1749466800&x-signature=CAxPsxqxD76sp2WMoDJH1RUbleQ%3D&shp=81f88b70&shcp=-","540p","15","mp4","1024","https://p19-pu-sign-useast8.tiktokcdn-us.com/obj/tos-useast5-p-0068-tx/osED4AD8FAaHinXaARmOACIES1QIQSAfgn8rfE?lk3s=81f88b70&x-expires=1749466800&x-signature=CAxPsxqxD76sp2WMoDJH1RUbleQ%3D&shp=81f88b70&shcp=-",,,,,,,"576","https://www.tiktok.com/@ishowspeed/video/7461283703050833194"
"https://p16-pu-sign-useast8.tiktokcdn-us.com/tos-useast5-avt-0068-tx/7310136770681634859~tplv-tiktokx-cropcenter:720:720.jpeg?dr=9640&refresh_token=d44ae2b0&x-expires=1749466800&x-signature=ExDmhDE9BI9E9ToJpuDkYaSuP3g%3D&t=4d5b0474&ps=13740610&shp=a5d48078&shcp=81f88b70&idc=useast5",,"false","245","41300000","28","26","313400000","6865486669187171334","ishowspeed","IShowSpeed","https://p16-pu-sign-useast8.tiktokcdn-us.com/tos-useast5-avt-0068-tx/7310136770681634859~tplv-tiktokx-cropcenter:720:720.jpeg?dr=9640&refresh_token=d44ae2b0&x-expires=1749466800&x-signature=ExDmhDE9BI9E9ToJpuDkYaSuP3g%3D&t=4d5b0474&ps=13740610&shp=a5d48078&shcp=81f88b70&idc=useast5","false","https://www.tiktok.com/@ishowspeed","US","","","false","true","26","771100","84800","1730828192","2024-11-05T17:36:32.000Z","13200000","2152115","Vortex","0","videos","ishowspeed",,"7433850442557443374","ishowspeed","false",,"false","false","false",,,,,,,"https://p16-common-sign-useast2a.tiktokcdn-us.com/tos-useast2a-avt-0068-euttp/059108209859d62a4b1bf21b6ff299ca~tplv-tiktokx-cropcenter:720:720.jpeg?dr=9640&refresh_token=e416868f&x-expires=1749466800&x-signature=442qweqi38Thc2rEhm3nJho5we4%3D&t=4d5b0474&ps=13740610&shp=a5d48078&shcp=81f88b70&idc=useast8",,"hatsuno)","7391104196428303137","оригинальный звук","true","https://p16-common-sign-useast2a.tiktokcdn-us.com/tos-useast2a-avt-0068-euttp/059108209859d62a4b1bf21b6ff299ca~tplv-tiktokx-cropcenter:720:720.jpeg?dr=9640&refresh_token=e416868f&x-expires=1749466800&x-signature=442qweqi38Thc2rEhm3nJho5we4%3D&t=4d5b0474&ps=13740610&shp=a5d48078&shcp=81f88b70&idc=useast8","https://v16m.tiktokcdn-us.com/512c7694ea5b9bf17b5738c7bc0e4ec4/684473b3/video/tos/useast2a/tos-useast2a-v-2370-euttp/ocsmAkoEncILkAhmCrAIJe2FSfEdixUPDDmBQs/?a=1233&bti=ODszNWYuMDE6&ch=0&cr=0&dr=0&er=0&lr=default&cd=0%7C0%7C0%7C0&br=250&bt=125&ds=5&ft=GSDrKInz7ThYXAzKXq8Zmo&mime_type=audio_mpeg&qs=13&rc=ajhneHA5cjo6dDMzZjU8M0BpajhneHA5cjo6dDMzZjU8M0BtYG5eMmQ0aDZgLS1kMWNzYSNtYG5eMmQ0aDZgLS1kMWNzcw%3D%3D&vvpl=1&l=20250607111505E3073F216F9CEC1D6F2B&btag=e00078000","142900000","303000","#ishowspeed ","un","https://p19-pu-sign-useast8.tiktokcdn-us.com/obj/tos-useast5-p-0068-tx/e1e13e1989614f7986e70f28c6da39c6_1730828193?lk3s=81f88b70&x-expires=1749466800&x-signature=rUbMvSpV9GAh3ptfFrKcjFU7hgM%3D&shp=81f88b70&shcp=-","540p","19","mp4","1024","https://p19-pu-sign-useast8.tiktokcdn-us.com/obj/tos-useast5-p-0068-tx/e1e13e1989614f7986e70f28c6da39c6_1730828193?lk3s=81f88b70&x-expires=1749466800&x-signature=rUbMvSpV9GAh3ptfFrKcjFU7hgM%3D&shp=81f88b70&shcp=-",,,,,,,"576","https://www.tiktok.com/@ishowspeed/video/7433850442557443374"
"https://p16-pu-sign-useast8.tiktokcdn-us.com/tos-useast5-avt-0068-tx/7310136770681634859~tplv-tiktokx-cropcenter:720:720.jpeg?dr=9640&refresh_token=d44ae2b0&x-expires=1749466800&x-signature=ExDmhDE9BI9E9ToJpuDkYaSuP3g%3D&t=4d5b0474&ps=13740610&shp=a5d48078&shcp=81f88b70&idc=useast5",,"false","245","41300000","28","26","313400000","6865486669187171334","ishowspeed","IShowSpeed","https://p16-pu-sign-useast8.tiktokcdn-us.com/tos-useast5-avt-0068-tx/7310136770681634859~tplv-tiktokx-cropcenter:720:720.jpeg?dr=9640&refresh_token=d44ae2b0&x-expires=1749466800&x-signature=ExDmhDE9BI9E9ToJpuDkYaSuP3g%3D&t=4d5b0474&ps=13740610&shp=a5d48078&shcp=81f88b70&idc=useast5","false","https://www.tiktok.com/@ishowspeed","US","","","false","true","26","1700000","215100","1726330240","2024-09-14T16:10:40.000Z","23400000","2152115","Vortex","0","videos","ishowspeed",,"7414531895909731626","ishowspeed","false",,"false","false","false","Vietnam","","1580578","1562822","22535865203120975","Ho Chi Minh City","https://p16-common-sign-va.tiktokcdn-us.com/tos-maliva-avt-0068/26253da3e3270a3345e55164e86a3d4e~tplv-tiktokx-cropcenter:720:720.jpeg?dr=9640&refresh_token=6fc4ece7&x-expires=1749466800&x-signature=JCc0y0K0Og0Q1Y%2BZ62khaAF3h%2Bg%3D&t=4d5b0474&ps=13740610&shp=a5d48078&shcp=81f88b70&idc=useast8",,"DJZRX","7398385184549636869","sonido original","true","https://p16-common-sign-va.tiktokcdn-us.com/tos-maliva-avt-0068/26253da3e3270a3345e55164e86a3d4e~tplv-tiktokx-cropcenter:720:720.jpeg?dr=9640&refresh_token=6fc4ece7&x-expires=1749466800&x-signature=JCc0y0K0Og0Q1Y%2BZ62khaAF3h%2Bg%3D&t=4d5b0474&ps=13740610&shp=a5d48078&shcp=81f88b70&idc=useast8","https://v16m.tiktokcdn-us.com/dc2de9c46e3ca3e73be6a5a8e3065d20/684473a8/video/tos/useast5/tos-useast5-v-27dcd7c799-tx/oIWLNCEeBAGDgGEXEuCoCOLsfSLCTWDIRAwEeA/?a=1233&bti=ODszNWYuMDE6&ch=0&cr=0&dr=0&er=0&lr=default&cd=0%7C0%7C0%7C0&br=252&bt=126&ds=5&ft=GSDrKInz7ThYXAzKXq8Zmo&mime_type=audio_mpeg&qs=13&rc=ajRmNHk5cmQ4dDMzNzU8M0BpajRmNHk5cmQ4dDMzNzU8M0BzMGAuMmRzZGpgLS1kMTZzYSNzMGAuMmRzZGpgLS1kMTZzcw%3D%3D&vvpl=1&l=20250607111505E3073F216F9CEC1D6F2B&btag=e00078000","277500000","384100","#ishowspeed ","un","https://p19-pu-sign-useast8.tiktokcdn-us.com/tos-useast5-p-0068-tx/69617aa2978c4877b1e238a99c4e8790_1726330241~tplv-tiktokx-origin.image?dr=9636&x-expires=1749466800&x-signature=2rgLctCJGQFMVTA4I%2FKX92ReZA0%3D&t=4d5b0474&ps=13740610&shp=81f88b70&shcp=43f4a2f9&idc=useast8","540p","14","mp4","1024","https://p19-pu-sign-useast8.tiktokcdn-us.com/tos-useast5-p-0068-tx/69617aa2978c4877b1e238a99c4e8790_1726330241~tplv-tiktokx-origin.image?dr=9636&x-expires=1749466800&x-signature=2rgLctCJGQFMVTA4I%2FKX92ReZA0%3D&t=4d5b0474&ps=13740610&shp=81f88b70&shcp=43f4a2f9&idc=useast8",,,,,,,"576","https://www.tiktok.com/@ishowspeed/video/7414531895909731626"
"https://p16-pu-sign-useast8.tiktokcdn-us.com/tos-useast5-avt-0068-tx/7310136770681634859~tplv-tiktokx-cropcenter:720:720.jpeg?dr=9640&refresh_token=d44ae2b0&x-expires=1749466800&x-signature=ExDmhDE9BI9E9ToJpuDkYaSuP3g%3D&t=4d5b0474&ps=13740610&shp=a5d48078&shcp=81f88b70&idc=useast5",,"false","245","41300000","28","26","313400000","6865486669187171334","ishowspeed","IShowSpeed","https://p16-pu-sign-useast8.tiktokcdn-us.com/tos-useast5-avt-0068-tx/7310136770681634859~tplv-tiktokx-cropcenter:720:720.jpeg?dr=9640&refresh_token=d44ae2b0&x-expires=1749466800&x-signature=ExDmhDE9BI9E9ToJpuDkYaSuP3g%3D&t=4d5b0474&ps=13740610&shp=a5d48078&shcp=81f88b70&idc=useast5","false","https://www.tiktok.com/@ishowspeed","US","","","false","true","26","1200000","102500","1725691604","2024-09-07T06:46:44.000Z","17300000","2152115","Vortex","0","videos","ishowspeed",,"7411788943558970667","ishowspeed","false",,"false","false","false",,,,,,,"https://p16-common-sign-useast2a.tiktokcdn-us.com/tos-useast2a-avt-0068-euttp/f5bc0edf9c89975e1537ee128ba2a500~tplv-tiktokx-cropcenter:720:720.jpeg?dr=9640&refresh_token=3147868e&x-expires=1749466800&x-signature=9wNzNLvKx0poagheGmM57xwXoXE%3D&t=4d5b0474&ps=13740610&shp=a5d48078&shcp=81f88b70&idc=useast8",,"Crispey","7384166839317760801","Crispey Spray Dance Song","true","https://p16-common-sign-useast2a.tiktokcdn-us.com/tos-useast2a-avt-0068-euttp/f5bc0edf9c89975e1537ee128ba2a500~tplv-tiktokx-cropcenter:720:720.jpeg?dr=9640&refresh_token=3147868e&x-expires=1749466800&x-signature=9wNzNLvKx0poagheGmM57xwXoXE%3D&t=4d5b0474&ps=13740610&shp=a5d48078&shcp=81f88b70&idc=useast8","https://v16m.tiktokcdn-us.com/1aacea2be9dd9cf1bfb9631caa67fd95/684473de/video/tos/useast2a/tos-useast2a-v-2370-euttp/oAAIB1nPdiBA7KOAEziB7JfXEA92oplHhn5PLE/?a=1233&bti=ODszNWYuMDE6&ch=0&cr=0&dr=0&er=0&lr=default&cd=0%7C0%7C0%7C0&br=250&bt=125&ds=5&ft=GSDrKInz7ThYXAzKXq8Zmo&mime_type=audio_mpeg&qs=13&rc=ajpua3U5cjp3czMzZjU8M0Bpajpua3U5cjp3czMzZjU8M0Bfa3BxMmRzNnBgLS1kMWNzYSNfa3BxMmRzNnBgLS1kMWNzcw%3D%3D&vvpl=1&l=20250607111505E3073F216F9CEC1D6F2B&btag=e00050000","211200000","371000","#ishowspeed ","un","https://p16-pu-sign-useast8.tiktokcdn-us.com/tos-useast5-p-0068-tx/371adb0760a241fd9ead6b53f3e16b86_1725691606~tplv-tiktokx-origin.image?dr=9636&x-expires=1749466800&x-signature=zj4m8jKYefmdjRLD2fcW3zHZz1I%3D&t=4d5b0474&ps=13740610&shp=81f88b70&shcp=43f4a2f9&idc=useast8","540p","15","mp4","1024","https://p16-pu-sign-useast8.tiktokcdn-us.com/tos-useast5-p-0068-tx/371adb0760a241fd9ead6b53f3e16b86_1725691606~tplv-tiktokx-origin.image?dr=9636&x-expires=1749466800&x-signature=zj4m8jKYefmdjRLD2fcW3zHZz1I%3D&t=4d5b0474&ps=13740610&shp=81f88b70&shcp=43f4a2f9&idc=useast8",,,,,,,"576","https://www.tiktok.com/@ishowspeed/video/7411788943558970667"
"https://p16-pu-sign-useast8.tiktokcdn-us.com/tos-useast5-avt-0068-tx/7310136770681634859~tplv-tiktokx-cropcenter:720:720.jpeg?dr=9640&refresh_token=d44ae2b0&x-expires=1749466800&x-signature=ExDmhDE9BI9E9ToJpuDkYaSuP3g%3D&t=4d5b0474&ps=13740610&shp=a5d48078&shcp=81f88b70&idc=useast5",,"false","245","41300000","28","26","313400000","6865486669187171334","ishowspeed","IShowSpeed","https://p16-pu-sign-useast8.tiktokcdn-us.com/tos-useast5-avt-0068-tx/7310136770681634859~tplv-tiktokx-cropcenter:720:720.jpeg?dr=9640&refresh_token=d44ae2b0&x-expires=1749466800&x-signature=ExDmhDE9BI9E9ToJpuDkYaSuP3g%3D&t=4d5b0474&ps=13740610&shp=a5d48078&shcp=81f88b70&idc=useast5","false","https://www.tiktok.com/@ishowspeed","US","","","false","true","26","422200","69000","1720221723","2024-07-05T23:22:03.000Z","6600000","2152115","Vortex","0","videos","ishowspeed",,"7388296004463873322","ishowspeed","false",,"false","false","false","Germany","","2911298","2921044","21568298460212581","Hamburg","https://p16-common-sg.tiktokcdn-us.com/tos-alisg-v-2774/o4t0fGIgQ3CFAE1vHyZIj5fpA8DsBBAILAgnYO~tplv-tiktokx-cropcenter:200:200.jpeg?dr=9584&t=4d5b0474&ps=933b5bde&shp=08d74b56&shcp=81f88b70&idc=useast8","i was only temporary","my head is empty","7282498671971780609","i was only temporary","false","https://p16-common-sg.tiktokcdn-us.com/tos-alisg-v-2774/o4t0fGIgQ3CFAE1vHyZIj5fpA8DsBBAILAgnYO~tplv-tiktokx-cropcenter:200:200.jpeg?dr=9584&t=4d5b0474&ps=933b5bde&shp=08d74b56&shcp=81f88b70&idc=useast8","https://sf16.tiktokcdn-us.com/obj/tos-alisg-ve-2774/oM1PHgiMIAwz17evEWionv3wJNYxtWBZBAdsO6","88000000","129700","ronaldo💔.   #ishowspeed ","id","https://p19-pu-sign-useast8.tiktokcdn-us.com/obj/tos-useast5-p-0068-tx/13623ce46e7d4aaea2a13d35a1dd49cf_1720221726?lk3s=81f88b70&x-expires=1749466800&x-signature=MT%2BtqV9FjrhzLQqQi%2B2s79YSgjc%3D&shp=81f88b70&shcp=-","540p","16","mp4","1024","https://p19-pu-sign-useast8.tiktokcdn-us.com/obj/tos-useast5-p-0068-tx/13623ce46e7d4aaea2a13d35a1dd49cf_1720221726?lk3s=81f88b70&x-expires=1749466800&x-signature=MT%2BtqV9FjrhzLQqQi%2B2s79YSgjc%3D&shp=81f88b70&shcp=-",,,,,,,"576","https://www.tiktok.com/@ishowspeed/video/7388296004463873322"
"https://p16-pu-sign-useast8.tiktokcdn-us.com/tos-useast5-avt-0068-tx/7310136770681634859~tplv-tiktokx-cropcenter:720:720.jpeg?dr=9640&refresh_token=d44ae2b0&x-expires=1749466800&x-signature=ExDmhDE9BI9E9ToJpuDkYaSuP3g%3D&t=4d5b0474&ps=13740610&shp=a5d48078&shcp=81f88b70&idc=useast5",,"false","245","41300000","28","26","313400000","6865486669187171334","ishowspeed","IShowSpeed","https://p16-pu-sign-useast8.tiktokcdn-us.com/tos-useast5-avt-0068-tx/7310136770681634859~tplv-tiktokx-cropcenter:720:720.jpeg?dr=9640&refresh_token=d44ae2b0&x-expires=1749466800&x-signature=ExDmhDE9BI9E9ToJpuDkYaSuP3g%3D&t=4d5b0474&ps=13740610&shp=a5d48078&shcp=81f88b70&idc=useast5","false","https://www.tiktok.com/@ishowspeed","US","","","false","true","26","447100","60100","1716672402","2024-05-25T21:26:42.000Z","7000000","2152115","Vortex","0","videos","ishowspeed",,"7373051799105817902","ishowspeed","false",,"false","false","false",,,,,,,"https://p16-pu-sign-useast8.tiktokcdn-us.com/tos-useast5-avt-0068-tx/7310136770681634859~tplv-tiktokx-cropcenter:720:720.jpeg?dr=9640&refresh_token=d44ae2b0&x-expires=1749466800&x-signature=ExDmhDE9BI9E9ToJpuDkYaSuP3g%3D&t=4d5b0474&ps=13740610&shp=a5d48078&shcp=81f88b70&idc=useast8",,"IShowSpeed","7373051824355642158","original sound","true","https://p16-pu-sign-useast8.tiktokcdn-us.com/tos-useast5-avt-0068-tx/7310136770681634859~tplv-tiktokx-cropcenter:720:720.jpeg?dr=9640&refresh_token=d44ae2b0&x-expires=1749466800&x-signature=ExDmhDE9BI9E9ToJpuDkYaSuP3g%3D&t=4d5b0474&ps=13740610&shp=a5d48078&shcp=81f88b70&idc=useast8","https://v16m.tiktokcdn-us.com/1e9ce8585b131809f5fcdcd55a38c3a9/684473a6/video/tos/useast5/tos-useast5-v-27dcd7-tx/o0vUe5GAQEUbtfMHKrMokDyCpY23kJAfAEOFaT/?a=1233&bti=ODszNWYuMDE6&ch=0&cr=0&dr=0&er=0&lr=default&cd=0%7C0%7C0%7C0&br=250&bt=125&ft=GSDrKInz7ThYXAzKXq8Zmo&mime_type=audio_mpeg&qs=6&rc=OTo0OTQ6PDo7aTM6N2Y2NkBpM2RwcHY5cjg4czMzZzU8NEAvNTBjXi5hXy0xLmEyMmJhYSMtNnFnMmQ0YzZgLS1kMS9zcw%3D%3D&vvpl=1&l=20250607111505E3073F216F9CEC1D6F2B&btag=e000b0000","93100000","170800","#ishowspeed ","un","https://p16-sign.tiktokcdn-us.com/obj/tos-useast5-p-0068-tx/oM0PJq94s5gIBi0XHlZgEuPiUVqxBSZEESwEA?lk3s=81f88b70&x-expires=1749466800&x-signature=Z%2Flyjxli3kv6XcRVajj71i5s2WM%3D&shp=81f88b70&shcp=-","540p","12","mp4","1024","https://p16-sign.tiktokcdn-us.com/obj/tos-useast5-p-0068-tx/oM0PJq94s5gIBi0XHlZgEuPiUVqxBSZEESwEA?lk3s=81f88b70&x-expires=1749466800&x-signature=Z%2Flyjxli3kv6XcRVajj71i5s2WM%3D&shp=81f88b70&shcp=-",,,,,,,"576","https://www.tiktok.com/@ishowspeed/video/7373051799105817902"
"https://p16-pu-sign-useast8.tiktokcdn-us.com/tos-useast5-avt-0068-tx/7310136770681634859~tplv-tiktokx-cropcenter:720:720.jpeg?dr=9640&refresh_token=d44ae2b0&x-expires=1749466800&x-signature=ExDmhDE9BI9E9ToJpuDkYaSuP3g%3D&t=4d5b0474&ps=13740610&shp=a5d48078&shcp=81f88b70&idc=useast5",,"false","245","41300000","28","26","313400000","6865486669187171334","ishowspeed","IShowSpeed","https://p16-pu-sign-useast8.tiktokcdn-us.com/tos-useast5-avt-0068-tx/7310136770681634859~tplv-tiktokx-cropcenter:720:720.jpeg?dr=9640&refresh_token=d44ae2b0&x-expires=1749466800&x-signature=ExDmhDE9BI9E9ToJpuDkYaSuP3g%3D&t=4d5b0474&ps=13740610&shp=a5d48078&shcp=81f88b70&idc=useast5","false","https://www.tiktok.com/@ishowspeed","US","","","false","true","26","378300","40700","1715788737","2024-05-15T15:58:57.000Z","6400000","2152115","Vortex","0","videos","ishowspeed","drinkprime","7369256423894797614","ishowspeed","false",,"false","false","false",,,,,,,"https://p16-common-sign-va.tiktokcdn-us.com/tos-maliva-avt-0068/0cf68696b289f2854378aae6d10c7763~tplv-tiktokx-cropcenter:720:720.jpeg?dr=9640&refresh_token=e6c9b71b&x-expires=1749466800&x-signature=5k0F5j5hzKmM6fzKAsI2e3LJI68%3D&t=4d5b0474&ps=13740610&shp=a5d48078&shcp=81f88b70&idc=useast8",,"Caro Sterling","7230795122341530374","sonido original","true","https://p16-common-sign-va.tiktokcdn-us.com/tos-maliva-avt-0068/0cf68696b289f2854378aae6d10c7763~tplv-tiktokx-cropcenter:720:720.jpeg?dr=9640&refresh_token=e6c9b71b&x-expires=1749466800&x-signature=5k0F5j5hzKmM6fzKAsI2e3LJI68%3D&t=4d5b0474&ps=13740610&shp=a5d48078&shcp=81f88b70&idc=useast8","https://v16m.tiktokcdn-us.com/5aeec208af515ce7d51b21be94da6e4b/684473c0/video/tos/useast5/tos-useast5-v-27dcd7c799-tx/72d6000fc9794b74bcfb09ae1f1a4802/?a=1233&bti=ODszNWYuMDE6&ch=0&cr=0&dr=0&er=0&lr=default&cd=0%7C0%7C0%7C0&br=250&bt=125&ds=5&ft=GSDrKInz7ThYXAzKXq8Zmo&mime_type=audio_mpeg&qs=13&rc=anR1amU6ZnJpazMzNzU8M0BpanR1amU6ZnJpazMzNzU8M0AwZjI1cjQwMGBgLS1kMTZzYSMwZjI1cjQwMGBgLS1kMTZzcw%3D%3D&vvpl=1&l=20250607111505E3073F216F9CEC1D6F2B&btag=e00048000","73000000","216100","#ishowspeed #drinkprime ","un","https://p16-sign.tiktokcdn-us.com/obj/tos-useast5-p-0068-tx/8dffc064a8c34c3cb3b1b6f806b15ea9_1715788739?lk3s=81f88b70&x-expires=1749466800&x-signature=ddFz3dzoMVspozAFzDwyX1xmPkQ%3D&shp=81f88b70&shcp=-","540p","15","mp4","1024","https://p16-sign.tiktokcdn-us.com/obj/tos-useast5-p-0068-tx/8dffc064a8c34c3cb3b1b6f806b15ea9_1715788739?lk3s=81f88b70&x-expires=1749466800&x-signature=ddFz3dzoMVspozAFzDwyX1xmPkQ%3D&shp=81f88b70&shcp=-",,,,,,,"576","https://www.tiktok.com/@ishowspeed/video/7369256423894797614"
"https://p16-pu-sign-useast8.tiktokcdn-us.com/tos-useast5-avt-0068-tx/7310136770681634859~tplv-tiktokx-cropcenter:720:720.jpeg?dr=9640&refresh_token=d44ae2b0&x-expires=1749466800&x-signature=ExDmhDE9BI9E9ToJpuDkYaSuP3g%3D&t=4d5b0474&ps=13740610&shp=a5d48078&shcp=81f88b70&idc=useast5",,"false","245","41300000","28","26","313400000","6865486669187171334","ishowspeed","IShowSpeed","https://p16-pu-sign-useast8.tiktokcdn-us.com/tos-useast5-avt-0068-tx/7310136770681634859~tplv-tiktokx-cropcenter:720:720.jpeg?dr=9640&refresh_token=d44ae2b0&x-expires=1749466800&x-signature=ExDmhDE9BI9E9ToJpuDkYaSuP3g%3D&t=4d5b0474&ps=13740610&shp=a5d48078&shcp=81f88b70&idc=useast5","false","https://www.tiktok.com/@ishowspeed","US","","","false","true","26","419500","78600","1715619657","2024-05-13T17:00:57.000Z","7100000","2152115","Vortex","0","videos","ishowspeed","kissoflife","7368530242387840298","ishowspeed","false",,"false","false","false",,,,,,,"https://p16-common-sg.tiktokcdn-us.com/tos-alisg-v-2774/osUQi3hwwXxsBE56zAECnmivWEAAoCfSAzAzBA~tplv-tiktokx-cropcenter:200:200.jpeg?dr=9584&t=4d5b0474&ps=933b5bde&shp=08d74b56&shcp=81f88b70&idc=useast8","Midas Touch","KISS OF LIFE","7349039690093398017","Midas Touch","false","https://p16-common-sg.tiktokcdn-us.com/tos-alisg-v-2774/osUQi3hwwXxsBE56zAECnmivWEAAoCfSAzAzBA~tplv-tiktokx-cropcenter:200:200.jpeg?dr=9584&t=4d5b0474&ps=933b5bde&shp=08d74b56&shcp=81f88b70&idc=useast8","https://sf16.tiktokcdn-us.com/obj/tos-alisg-ve-2774/o0YzigOFtdCz45WqGDQYrqLqfrdCuAefI2aDiL","83400000","295000","#ishowspeed #kissoflife @kissoflife_official","un","https://p16-sign.tiktokcdn-us.com/obj/tos-useast5-p-0068-tx/de5256ec90d142ed816c4ab556d4e5d6_1715619658?lk3s=81f88b70&x-expires=1749466800&x-signature=8V5WfKbgJ%2FUWOwkzPmEJgr%2BF2P8%3D&shp=81f88b70&shcp=-","540p","15","mp4","1024","https://p16-sign.tiktokcdn-us.com/obj/tos-useast5-p-0068-tx/de5256ec90d142ed816c4ab556d4e5d6_1715619658?lk3s=81f88b70&x-expires=1749466800&x-signature=8V5WfKbgJ%2FUWOwkzPmEJgr%2BF2P8%3D&shp=81f88b70&shcp=-",,,,,,,"576","https://www.tiktok.com/@ishowspeed/video/7368530242387840298"
"https://p16-pu-sign-useast8.tiktokcdn-us.com/tos-useast5-avt-0068-tx/7310136770681634859~tplv-tiktokx-cropcenter:720:720.jpeg?dr=9640&refresh_token=d44ae2b0&x-expires=1749466800&x-signature=ExDmhDE9BI9E9ToJpuDkYaSuP3g%3D&t=4d5b0474&ps=13740610&shp=a5d48078&shcp=81f88b70&idc=useast5",,"false","245","41300000","28","26","313400000","6865486669187171334","ishowspeed","IShowSpeed","https://p16-pu-sign-useast8.tiktokcdn-us.com/tos-useast5-avt-0068-tx/7310136770681634859~tplv-tiktokx-cropcenter:720:720.jpeg?dr=9640&refresh_token=d44ae2b0&x-expires=1749466800&x-signature=ExDmhDE9BI9E9ToJpuDkYaSuP3g%3D&t=4d5b0474&ps=13740610&shp=a5d48078&shcp=81f88b70&idc=useast5","false","https://www.tiktok.com/@ishowspeed","US","","","false","true","26","838400","73200","1712540629","2024-04-08T01:43:49.000Z","10000000","2152115","Vortex","0","videos","ishowspeed","prime","7355305892516072747","ishowspeed","false",,"false","false","false",,,,,,,"https://p16-pu-sign-useast8.tiktokcdn-us.com/tos-useast5-avt-0068-tx/7310136770681634859~tplv-tiktokx-cropcenter:720:720.jpeg?dr=9640&refresh_token=d44ae2b0&x-expires=1749466800&x-signature=ExDmhDE9BI9E9ToJpuDkYaSuP3g%3D&t=4d5b0474&ps=13740610&shp=a5d48078&shcp=81f88b70&idc=useast8",,"IShowSpeed","7355306005787495214","original sound","true","https://p16-pu-sign-useast8.tiktokcdn-us.com/tos-useast5-avt-0068-tx/7310136770681634859~tplv-tiktokx-cropcenter:720:720.jpeg?dr=9640&refresh_token=d44ae2b0&x-expires=1749466800&x-signature=ExDmhDE9BI9E9ToJpuDkYaSuP3g%3D&t=4d5b0474&ps=13740610&shp=a5d48078&shcp=81f88b70&idc=useast8","https://v16m.tiktokcdn-us.com/8408ea765de02334b871ddcada3357dc/684473a9/video/tos/useast5/tos-useast5-v-27dcd7-tx/ogUw2BAhzP2CgSEZLAN37lgniiWaD4AA9EATP/?a=1233&bti=ODszNWYuMDE6&ch=0&cr=0&dr=0&er=0&lr=default&cd=0%7C0%7C0%7C0&br=250&bt=125&ds=5&ft=GSDrKInz7ThYXAzKXq8Zmo&mime_type=audio_mpeg&qs=13&rc=amlzc205cnBucjMzZzU8NEBpamlzc205cnBucjMzZzU8NEBxaG5vMmQ0azZgLS1kMS9zYSNxaG5vMmQ0azZgLS1kMS9zcw%3D%3D&vvpl=1&l=20250607111505E3073F216F9CEC1D6F2B&btag=e00078000","99900000","607200","#ishowspeed #prime ","un","https://p19-pu-sign-useast8.tiktokcdn-us.com/obj/tos-useast5-p-0068-tx/210e09b3a6bd4aafa36454c73d727f52_1712540632?lk3s=81f88b70&x-expires=1749466800&x-signature=Rsn28Bmnx%2B78V3Gn6utrylpy0wU%3D&shp=81f88b70&shcp=-","540p","15","mp4","1024","https://p19-pu-sign-useast8.tiktokcdn-us.com/obj/tos-useast5-p-0068-tx/210e09b3a6bd4aafa36454c73d727f52_1712540632?lk3s=81f88b70&x-expires=1749466800&x-signature=Rsn28Bmnx%2B78V3Gn6utrylpy0wU%3D&shp=81f88b70&shcp=-",,,,,,,"576","https://www.tiktok.com/@ishowspeed/video/7355305892516072747"
"https://p16-pu-sign-useast8.tiktokcdn-us.com/tos-useast5-avt-0068-tx/7310136770681634859~tplv-tiktokx-cropcenter:720:720.jpeg?dr=9640&refresh_token=d44ae2b0&x-expires=1749466800&x-signature=ExDmhDE9BI9E9ToJpuDkYaSuP3g%3D&t=4d5b0474&ps=13740610&shp=a5d48078&shcp=81f88b70&idc=useast5",,"false","245","41300000","28","26","313400000","6865486669187171334","ishowspeed","IShowSpeed","https://p16-pu-sign-useast8.tiktokcdn-us.com/tos-useast5-avt-0068-tx/7310136770681634859~tplv-tiktokx-cropcenter:720:720.jpeg?dr=9640&refresh_token=d44ae2b0&x-expires=1749466800&x-signature=ExDmhDE9BI9E9ToJpuDkYaSuP3g%3D&t=4d5b0474&ps=13740610&shp=a5d48078&shcp=81f88b70&idc=useast5","false","https://www.tiktok.com/@ishowspeed","US","","","false","true","26","616600","86100","1711815187","2024-03-30T16:13:07.000Z","9700000","2152115","Vortex","0","videos","ishowspeed",,"7352190092322147626","ishowspeed","false",,"false","false","false",,,,,,,"https://p16-common-sg.tiktokcdn-us.com/tos-alisg-v-2774/o0BI1A8eILK36hAAImPGAfldSDlAxscCeGteFj~tplv-tiktokx-cropcenter:200:200.jpeg?dr=9584&t=4d5b0474&ps=933b5bde&shp=08d74b56&shcp=81f88b70&idc=useast8","Click!","Bibi Babydoll & d.silvestre","7226551035208255489","Onlyfans","false","https://p16-common-sg.tiktokcdn-us.com/tos-alisg-v-2774/o0BI1A8eILK36hAAImPGAfldSDlAxscCeGteFj~tplv-tiktokx-cropcenter:200:200.jpeg?dr=9584&t=4d5b0474&ps=933b5bde&shp=08d74b56&shcp=81f88b70&idc=useast8","https://sf16.tiktokcdn-us.com/obj/tos-alisg-ve-2774/o0AqB4LJVfV1PWPOIyhzLsN4MhUCwFVaAoJhcs","106100000","178900","#ishowspeed ","un","https://p16-pu-sign-useast8.tiktokcdn-us.com/tos-useast5-p-0068-tx/oYTg7vbEEGiRg1IBd26OhLiUBBC4YgRAAIZOn~tplv-tiktokx-origin.image?dr=9636&x-expires=1749466800&x-signature=9R9J1z01gqy5MS5BQ7%2FXMRt%2BAqM%3D&t=4d5b0474&ps=13740610&shp=81f88b70&shcp=43f4a2f9&idc=useast8","540p","15","mp4","1024","https://p16-pu-sign-useast8.tiktokcdn-us.com/tos-useast5-p-0068-tx/oYTg7vbEEGiRg1IBd26OhLiUBBC4YgRAAIZOn~tplv-tiktokx-origin.image?dr=9636&x-expires=1749466800&x-signature=9R9J1z01gqy5MS5BQ7%2FXMRt%2BAqM%3D&t=4d5b0474&ps=13740610&shp=81f88b70&shcp=43f4a2f9&idc=useast8",,,,,,,"576","https://www.tiktok.com/@ishowspeed/video/7352190092322147626"
"https://p16-pu-sign-useast8.tiktokcdn-us.com/tos-useast5-avt-0068-tx/7310136770681634859~tplv-tiktokx-cropcenter:720:720.jpeg?dr=9640&refresh_token=d44ae2b0&x-expires=1749466800&x-signature=ExDmhDE9BI9E9ToJpuDkYaSuP3g%3D&t=4d5b0474&ps=13740610&shp=a5d48078&shcp=81f88b70&idc=useast5",,"false","245","41300000","28","26","313400000","6865486669187171334","ishowspeed","IShowSpeed","https://p16-pu-sign-useast8.tiktokcdn-us.com/tos-useast5-avt-0068-tx/7310136770681634859~tplv-tiktokx-cropcenter:720:720.jpeg?dr=9640&refresh_token=d44ae2b0&x-expires=1749466800&x-signature=ExDmhDE9BI9E9ToJpuDkYaSuP3g%3D&t=4d5b0474&ps=13740610&shp=a5d48078&shcp=81f88b70&idc=useast5","false","https://www.tiktok.com/@ishowspeed","US","","","false","true","26","2600000","257900","1690295708","2023-07-25T14:35:08.000Z","35900000","2152115","Vortex","0","videos","ishowspeed",,"7259764735678221611","ishowspeed","false","true","false","false","false",,,,,,,"",,,"7170378412559993646","","false","",,"309800000","1400000","#ishowspeed ","un","https://p19-pu-sign-useast8.tiktokcdn-us.com/obj/tos-useast5-p-0068-tx/osOfyh0DqjRHCQpIOBekA3Nng6SlJDUZb9vEuA?lk3s=81f88b70&x-expires=1749466800&x-signature=%2FRU5ZxZkUiMJZUIeuN%2FhDHATNx0%3D&shp=81f88b70&shcp=-","540p","12","mp4","1024","https://p19-pu-sign-useast8.tiktokcdn-us.com/obj/tos-useast5-p-0068-tx/osOfyh0DqjRHCQpIOBekA3Nng6SlJDUZb9vEuA?lk3s=81f88b70&x-expires=1749466800&x-signature=%2FRU5ZxZkUiMJZUIeuN%2FhDHATNx0%3D&shp=81f88b70&shcp=-",,,,,,,"576","https://www.tiktok.com/@ishowspeed/video/7259764735678221611"
"https://p16-pu-sign-useast8.tiktokcdn-us.com/tos-useast5-avt-0068-tx/7310136770681634859~tplv-tiktokx-cropcenter:720:720.jpeg?dr=9640&refresh_token=d44ae2b0&x-expires=1749466800&x-signature=ExDmhDE9BI9E9ToJpuDkYaSuP3g%3D&t=4d5b0474&ps=13740610&shp=a5d48078&shcp=81f88b70&idc=useast5",,"false","245","41300000","28","26","313400000","6865486669187171334","ishowspeed","IShowSpeed","https://p16-pu-sign-useast8.tiktokcdn-us.com/tos-useast5-avt-0068-tx/7310136770681634859~tplv-tiktokx-cropcenter:720:720.jpeg?dr=9640&refresh_token=d44ae2b0&x-expires=1749466800&x-signature=ExDmhDE9BI9E9ToJpuDkYaSuP3g%3D&t=4d5b0474&ps=13740610&shp=a5d48078&shcp=81f88b70&idc=useast5","false","https://www.tiktok.com/@ishowspeed","US","","","false","true","26","3000000","229800","1687039428","2023-06-17T22:03:48.000Z","26400000","2152115","Vortex","0","videos","ishowspeed",,"7245779101875899694","ishowspeed","false","true","false","false","false",,,,,,,"https://p16-pu-sign-useast8.tiktokcdn-us.com/tos-useast5-avt-0068-tx/7310136770681634859~tplv-tiktokx-cropcenter:720:720.jpeg?dr=9640&refresh_token=d44ae2b0&x-expires=1749466800&x-signature=ExDmhDE9BI9E9ToJpuDkYaSuP3g%3D&t=4d5b0474&ps=13740610&shp=a5d48078&shcp=81f88b70&idc=useast8",,"IShowSpeed","7245779126404025134","original sound","true","https://p16-pu-sign-useast8.tiktokcdn-us.com/tos-useast5-avt-0068-tx/7310136770681634859~tplv-tiktokx-cropcenter:720:720.jpeg?dr=9640&refresh_token=d44ae2b0&x-expires=1749466800&x-signature=ExDmhDE9BI9E9ToJpuDkYaSuP3g%3D&t=4d5b0474&ps=13740610&shp=a5d48078&shcp=81f88b70&idc=useast8","https://v16m.tiktokcdn-us.com/3e1d28b80afcc59abfdce53a543eede5/684473ef/video/tos/useast5/tos-useast5-v-27dcd7-tx/5ad3a6cef5624677b35ec87c3cebce92/?a=1233&bti=ODszNWYuMDE6&ch=0&cr=0&dr=0&er=0&lr=default&cd=0%7C0%7C0%7C0&br=250&bt=125&ds=5&ft=GSDrKInz7ThYXAzKXq8Zmo&mime_type=audio_mpeg&qs=13&rc=MzlmNmU6Zms1bDMzZzU8NEBpMzlmNmU6Zms1bDMzZzU8NEBpZC1wcjRvbzRgLS1kMS9zYSNpZC1wcjRvbzRgLS1kMS9zcw%3D%3D&vvpl=1&l=20250607111505E3073F216F9CEC1D6F2B&btag=e00050000","182600000","1600000","#ishowspeed ","un","https://p19-pu-sign-useast8.tiktokcdn-us.com/obj/tos-useast5-p-0068-tx/1a0113823a9a405987adb66f4c0188ff_1687039429?lk3s=81f88b70&x-expires=1749466800&x-signature=au2Rk4Fn0xGwzrqop%2F%2FK1yccyH0%3D&shp=81f88b70&shcp=-","540p","85","mp4","1024","https://p19-pu-sign-useast8.tiktokcdn-us.com/obj/tos-useast5-p-0068-tx/1a0113823a9a405987adb66f4c0188ff_1687039429?lk3s=81f88b70&x-expires=1749466800&x-signature=au2Rk4Fn0xGwzrqop%2F%2FK1yccyH0%3D&shp=81f88b70&shcp=-","https://v16m-webapp.tiktokcdn-us.com/5944b19455f17746bd0138c53a095619/6846c28f/video/tos/useast5/tos-useast5-v-0068-tx/e9db0e7ff0004dea8ca88ea03ddef425/?a=1988&bti=ODszNWYuMDE6&ch=0&cr=3&dr=0&lr=all&cd=0%7C0%7C0%7C&cv=1&br=8538&bt=4269&ds=4&ft=4KLMeMzm8Zmo0K4eZI4jVGCkQpWrKsd.&mime_type=video_mp4&qs=13&rc=amZkdmY6Zjw1bDMzZzczNEBpamZkdmY6Zjw1bDMzZzczNEA1NG0tcjRnbDRgLS1kMS9zYSM1NG0tcjRnbDRgLS1kMS9zcw%3D%3D&l=20250607111505E3073F216F9CEC1D6F2B&btag=e00050000","eng-US","ASR","automatic speech recognition","https://v16m-webapp.tiktokcdn-us.com/5944b19455f17746bd0138c53a095619/6846c28f/video/tos/useast5/tos-useast5-v-0068-tx/e9db0e7ff0004dea8ca88ea03ddef425/?a=1988&bti=ODszNWYuMDE6&ch=0&cr=3&dr=0&lr=all&cd=0%7C0%7C0%7C&cv=1&br=8538&bt=4269&ds=4&ft=4KLMeMzm8Zmo0K4eZI4jVGCkQpWrKsd.&mime_type=video_mp4&qs=13&rc=amZkdmY6Zjw1bDMzZzczNEBpamZkdmY6Zjw1bDMzZzczNEA1NG0tcjRnbDRgLS1kMS9zYSM1NG0tcjRnbDRgLS1kMS9zcw%3D%3D&l=20250607111505E3073F216F9CEC1D6F2B&btag=e00050000","1","576","https://www.tiktok.com/@ishowspeed/video/7245779101875899694"
"https://p16-pu-sign-useast8.tiktokcdn-us.com/tos-useast5-avt-0068-tx/7310136770681634859~tplv-tiktokx-cropcenter:720:720.jpeg?dr=9640&refresh_token=d44ae2b0&x-expires=1749466800&x-signature=ExDmhDE9BI9E9ToJpuDkYaSuP3g%3D&t=4d5b0474&ps=13740610&shp=a5d48078&shcp=81f88b70&idc=useast5",,"false","245","41300000","28","26","313400000","6865486669187171334","ishowspeed","IShowSpeed","https://p16-pu-sign-useast8.tiktokcdn-us.com/tos-useast5-avt-0068-tx/7310136770681634859~tplv-tiktokx-cropcenter:720:720.jpeg?dr=9640&refresh_token=d44ae2b0&x-expires=1749466800&x-signature=ExDmhDE9BI9E9ToJpuDkYaSuP3g%3D&t=4d5b0474&ps=13740610&shp=a5d48078&shcp=81f88b70&idc=useast5","false","https://www.tiktok.com/@ishowspeed","US","","","false","true","26","544600","123000","1671389037","2022-12-18T18:43:57.000Z","12700000","2152115","Vortex","0","videos","ishowspeed",,"7178561214723771691","ishowspeed","false",,"false","false","false",,,,,,,"https://p16-common-sg.tiktokcdn-us.com/tos-alisg-v-2774/o4t0fGIgQ3CFAE1vHyZIj5fpA8DsBBAILAgnYO~tplv-tiktokx-cropcenter:200:200.jpeg?dr=9584&t=4d5b0474&ps=933b5bde&shp=08d74b56&shcp=81f88b70&idc=useast8","i was only temporary","my head is empty","7282498671971780609","i was only temporary","false","https://p16-common-sg.tiktokcdn-us.com/tos-alisg-v-2774/o4t0fGIgQ3CFAE1vHyZIj5fpA8DsBBAILAgnYO~tplv-tiktokx-cropcenter:200:200.jpeg?dr=9584&t=4d5b0474&ps=933b5bde&shp=08d74b56&shcp=81f88b70&idc=useast8","https://sf16.tiktokcdn-us.com/obj/tos-alisg-ve-2774/oM1PHgiMIAwz17evEWionv3wJNYxtWBZBAdsO6","137800000","199800","#ishowspeed ","un","https://p16-pu-sign-useast8.tiktokcdn-us.com/obj/tos-useast5-p-0068-tx/oUCAkfEgSSAi8iv5bxVs5ePXKMBtDBjIKAnlm1?lk3s=81f88b70&x-expires=1749466800&x-signature=HPtJUapZshO6oJkrIDxXAQ2X030%3D&shp=81f88b70&shcp=-","540p","8","mp4","1024","https://p16-pu-sign-useast8.tiktokcdn-us.com/obj/tos-useast5-p-0068-tx/oUCAkfEgSSAi8iv5bxVs5ePXKMBtDBjIKAnlm1?lk3s=81f88b70&x-expires=1749466800&x-signature=HPtJUapZshO6oJkrIDxXAQ2X030%3D&shp=81f88b70&shcp=-",,,,,,,"576","https://www.tiktok.com/@ishowspeed/video/7178561214723771691"
"https://p16-pu-sign-useast8.tiktokcdn-us.com/tos-useast5-avt-0068-tx/7310136770681634859~tplv-tiktokx-cropcenter:720:720.jpeg?dr=9640&refresh_token=d44ae2b0&x-expires=1749466800&x-signature=ExDmhDE9BI9E9ToJpuDkYaSuP3g%3D&t=4d5b0474&ps=13740610&shp=a5d48078&shcp=81f88b70&idc=useast5",,"false","245","41300000","28","26","313400000","6865486669187171334","ishowspeed","IShowSpeed","https://p16-pu-sign-useast8.tiktokcdn-us.com/tos-useast5-avt-0068-tx/7310136770681634859~tplv-tiktokx-cropcenter:720:720.jpeg?dr=9640&refresh_token=d44ae2b0&x-expires=1749466800&x-signature=ExDmhDE9BI9E9ToJpuDkYaSuP3g%3D&t=4d5b0474&ps=13740610&shp=a5d48078&shcp=81f88b70&idc=useast5","false","https://www.tiktok.com/@ishowspeed","US","","","false","true","26","748200","221300","1668630317","2022-11-16T20:25:17.000Z","14900000","2152115","Vortex","0","videos","ishowspeed",,"7166712587306945834","ishowspeed","false",,"false","false","false",,,,,,,"https://p19-common-sg.tiktokcdn-us.com/tos-alisg-v-2774/oQOfGeVB1InAIcYoiAcALFDeIrmMKAfgBGBARu~tplv-tiktokx-cropcenter:200:200.jpeg?dr=9584&t=4d5b0474&ps=933b5bde&shp=08d74b56&shcp=81f88b70&idc=useast8","Shootout","Izzamuzzic & Julien Marchal","7115163822215202817","Shootout","false","https://p19-common-sg.tiktokcdn-us.com/tos-alisg-v-2774/oQOfGeVB1InAIcYoiAcALFDeIrmMKAfgBGBARu~tplv-tiktokx-cropcenter:200:200.jpeg?dr=9584&t=4d5b0474&ps=933b5bde&shp=08d74b56&shcp=81f88b70&idc=useast8","https://sf16.tiktokcdn-us.com/obj/tos-alisg-ve-2774/o4j4QoF7FhQcmVbuBdDCYUtxZ2mgSBFtryEMfe","140300000","158600","#ishowspeed ","un","https://p16-sign.tiktokcdn-us.com/obj/tos-useast5-p-0068-tx/7070d6cd0a254084afc8ab875aa1a190?lk3s=81f88b70&x-expires=1749466800&x-signature=eGCutNdT2xo4Jc0hQNPb%2FqYhDrw%3D&shp=81f88b70&shcp=-","540p","9","mp4","1024","https://p16-sign.tiktokcdn-us.com/obj/tos-useast5-p-0068-tx/7070d6cd0a254084afc8ab875aa1a190?lk3s=81f88b70&x-expires=1749466800&x-signature=eGCutNdT2xo4Jc0hQNPb%2FqYhDrw%3D&shp=81f88b70&shcp=-",,,,,,,"576","https://www.tiktok.com/@ishowspeed/video/7166712587306945834"
"https://p16-pu-sign-useast8.tiktokcdn-us.com/tos-useast5-avt-0068-tx/7310136770681634859~tplv-tiktokx-cropcenter:720:720.jpeg?dr=9640&refresh_token=d44ae2b0&x-expires=1749466800&x-signature=ExDmhDE9BI9E9ToJpuDkYaSuP3g%3D&t=4d5b0474&ps=13740610&shp=a5d48078&shcp=81f88b70&idc=useast5",,"false","245","41300000","28","26","313400000","6865486669187171334","ishowspeed","IShowSpeed","https://p16-pu-sign-useast8.tiktokcdn-us.com/tos-useast5-avt-0068-tx/7310136770681634859~tplv-tiktokx-cropcenter:720:720.jpeg?dr=9640&refresh_token=d44ae2b0&x-expires=1749466800&x-signature=ExDmhDE9BI9E9ToJpuDkYaSuP3g%3D&t=4d5b0474&ps=13740610&shp=a5d48078&shcp=81f88b70&idc=useast5","false","https://www.tiktok.com/@ishowspeed","US","","","false","true","26","414900","37700","1668121188","2022-11-10T22:59:48.000Z","8100000","2152115","Vortex","0","videos","ishowspeed",,"7164525921221741867","ishowspeed","true",,"false","false","true",,,,,,,"https://p16-common-sg.tiktokcdn-us.com/tos-alisg-v-2774/oAIWpYwF3hAHGAnyBrAoEwEytFWCKAAoCzIsWf~tplv-tiktokx-cropcenter:200:200.jpeg?dr=9584&t=4d5b0474&ps=933b5bde&shp=08d74b56&shcp=81f88b70&idc=useast8","World Cup","Astech INC","7160996134121375745","World Cup","false","https://p16-common-sg.tiktokcdn-us.com/tos-alisg-v-2774/oAIWpYwF3hAHGAnyBrAoEwEytFWCKAAoCzIsWf~tplv-tiktokx-cropcenter:200:200.jpeg?dr=9584&t=4d5b0474&ps=933b5bde&shp=08d74b56&shcp=81f88b70&idc=useast8","https://sf16.tiktokcdn-us.com/obj/tos-alisg-ve-2774/o8OlzLgsbCg47K19AnZkiaBwjDBQ8te9BsPxfE","89700000","42700","#ishowspeed ","un","https://p16-pu-sign-useast8.tiktokcdn-us.com/tos-useast5-p-0068-tx/97c1b79a9c2a4452acd00e1a27ea3dbe~tplv-tiktokx-origin.image?dr=9636&x-expires=1749466800&x-signature=9v3yks0xM4RkVHE%2BZcfHhh9Il3c%3D&t=4d5b0474&ps=13740610&shp=81f88b70&shcp=43f4a2f9&idc=useast8","540p","12","mp4","1024","https://p16-pu-sign-useast8.tiktokcdn-us.com/tos-useast5-p-0068-tx/97c1b79a9c2a4452acd00e1a27ea3dbe~tplv-tiktokx-origin.image?dr=9636&x-expires=1749466800&x-signature=9v3yks0xM4RkVHE%2BZcfHhh9Il3c%3D&t=4d5b0474&ps=13740610&shp=81f88b70&shcp=43f4a2f9&idc=useast8",,,,,,,"576","https://www.tiktok.com/@ishowspeed/video/7164525921221741867"
"https://p16-pu-sign-useast8.tiktokcdn-us.com/tos-useast5-avt-0068-tx/7310136770681634859~tplv-tiktokx-cropcenter:720:720.jpeg?dr=9640&refresh_token=d44ae2b0&x-expires=1749466800&x-signature=ExDmhDE9BI9E9ToJpuDkYaSuP3g%3D&t=4d5b0474&ps=13740610&shp=a5d48078&shcp=81f88b70&idc=useast5",,"false","245","41300000","28","26","313400000","6865486669187171334","ishowspeed","IShowSpeed","https://p16-pu-sign-useast8.tiktokcdn-us.com/tos-useast5-avt-0068-tx/7310136770681634859~tplv-tiktokx-cropcenter:720:720.jpeg?dr=9640&refresh_token=d44ae2b0&x-expires=1749466800&x-signature=ExDmhDE9BI9E9ToJpuDkYaSuP3g%3D&t=4d5b0474&ps=13740610&shp=a5d48078&shcp=81f88b70&idc=useast5","false","https://www.tiktok.com/@ishowspeed","US","","","false","true","26","482100","54100","1665704214","2022-10-13T23:36:54.000Z","7200000","2152115","Vortex","0","videos",,,"7154145094080220458","ishowspeed","false",,"false","false","false",,,,,,,"https://p16-common-sg.tiktokcdn-us.com/tos-alisg-v-2774/ogfanEsDARACKz1FfANzDAFzIWHVORIzfsyFMg~tplv-tiktokx-cropcenter:200:200.jpeg?dr=9584&t=4d5b0474&ps=933b5bde&shp=08d74b56&shcp=81f88b70&idc=useast8","Heartbroken 2022","T2 & ARPA","7096996538555190022","Heartbroken 2022","false","https://p16-common-sg.tiktokcdn-us.com/tos-alisg-v-2774/ogfanEsDARACKz1FfANzDAFzIWHVORIzfsyFMg~tplv-tiktokx-cropcenter:200:200.jpeg?dr=9584&t=4d5b0474&ps=933b5bde&shp=08d74b56&shcp=81f88b70&idc=useast8","https://sf16.tiktokcdn-us.com/obj/tos-alisg-ve-2774/1143ca6838564cf7814b3464d6367bbe","81000000","128800","merch link in bio","en","https://p16-pu-sign-useast8.tiktokcdn-us.com/obj/tos-useast5-p-0068-tx/ac9b9bc5624c4892a2820a5dd5a79a50?lk3s=81f88b70&x-expires=1749466800&x-signature=fej8zSeSCLoAYEqlc9WIHuJt6uE%3D&shp=81f88b70&shcp=-","540p","7","mp4","1024","https://p16-pu-sign-useast8.tiktokcdn-us.com/obj/tos-useast5-p-0068-tx/ac9b9bc5624c4892a2820a5dd5a79a50?lk3s=81f88b70&x-expires=1749466800&x-signature=fej8zSeSCLoAYEqlc9WIHuJt6uE%3D&shp=81f88b70&shcp=-",,,,,,,"576","https://www.tiktok.com/@ishowspeed/video/7154145094080220458"
"https://p16-pu-sign-useast8.tiktokcdn-us.com/tos-useast5-avt-0068-tx/7310136770681634859~tplv-tiktokx-cropcenter:720:720.jpeg?dr=9640&refresh_token=d44ae2b0&x-expires=1749466800&x-signature=ExDmhDE9BI9E9ToJpuDkYaSuP3g%3D&t=4d5b0474&ps=13740610&shp=a5d48078&shcp=81f88b70&idc=useast5",,"false","245","41300000","28","26","313400000","6865486669187171334","ishowspeed","IShowSpeed","https://p16-pu-sign-useast8.tiktokcdn-us.com/tos-useast5-avt-0068-tx/7310136770681634859~tplv-tiktokx-cropcenter:720:720.jpeg?dr=9640&refresh_token=d44ae2b0&x-expires=1749466800&x-signature=ExDmhDE9BI9E9ToJpuDkYaSuP3g%3D&t=4d5b0474&ps=13740610&shp=a5d48078&shcp=81f88b70&idc=useast5","false","https://www.tiktok.com/@ishowspeed","US","","","false","true","26","681100","33800","1664027074","2022-09-24T13:44:34.000Z","10800000","2152115","Vortex","0","videos","ishowspeed",,"7146941763054325035","ishowspeed","false",,"false","false","false",,,,,,,"https://p16-pu-sign-useast8.tiktokcdn-us.com/tos-useast5-avt-0068-tx/7310136770681634859~tplv-tiktokx-cropcenter:720:720.jpeg?dr=9640&refresh_token=d44ae2b0&x-expires=1749466800&x-signature=ExDmhDE9BI9E9ToJpuDkYaSuP3g%3D&t=4d5b0474&ps=13740610&shp=a5d48078&shcp=81f88b70&idc=useast8",,"IShowSpeed","7146941794985446187","original sound","true","https://p16-pu-sign-useast8.tiktokcdn-us.com/tos-useast5-avt-0068-tx/7310136770681634859~tplv-tiktokx-cropcenter:720:720.jpeg?dr=9640&refresh_token=d44ae2b0&x-expires=1749466800&x-signature=ExDmhDE9BI9E9ToJpuDkYaSuP3g%3D&t=4d5b0474&ps=13740610&shp=a5d48078&shcp=81f88b70&idc=useast8","https://v16m.tiktokcdn-us.com/f7487acb638657e9941838ccea270d8c/684473a4/video/tos/useast5/tos-useast5-v-27dcd7-tx/61e45207e1ae41c29debf0ae3aef45a3/?a=1233&bti=ODszNWYuMDE6&ch=0&cr=0&dr=0&er=0&lr=default&cd=0%7C0%7C0%7C0&br=250&bt=125&ds=5&ft=GSDrKInz7ThYXAzKXq8Zmo&mime_type=video_mp4&qs=13&rc=M2drZ2g6ZmpqZjMzZzU8NEBpM2drZ2g6ZmpqZjMzZzU8NEBlMTVwcjRvZ2tgLS1kMS9zYSNlMTVwcjRvZ2tgLS1kMS9zcw%3D%3D&vvpl=1&l=20250607111505E3073F216F9CEC1D6F2B&btag=e00070000","106200000","85700","#ishowspeed","un","https://p19-pu-sign-useast8.tiktokcdn-us.com/obj/tos-useast5-p-0068-tx/3dfe8f6da30b4cd5b1eb0008b012a8b3?lk3s=81f88b70&x-expires=1749466800&x-signature=7bVNynQR7gYtRfB4axqPzY6ICYM%3D&shp=81f88b70&shcp=-","540p","10","mp4","1024","https://p19-pu-sign-useast8.tiktokcdn-us.com/obj/tos-useast5-p-0068-tx/3dfe8f6da30b4cd5b1eb0008b012a8b3?lk3s=81f88b70&x-expires=1749466800&x-signature=7bVNynQR7gYtRfB4axqPzY6ICYM%3D&shp=81f88b70&shcp=-",,,,,,,"576","https://www.tiktok.com/@ishowspeed/video/7146941763054325035"
"https://p16-pu-sign-useast8.tiktokcdn-us.com/tos-useast5-avt-0068-tx/7310136770681634859~tplv-tiktokx-cropcenter:720:720.jpeg?dr=9640&refresh_token=d44ae2b0&x-expires=1749466800&x-signature=ExDmhDE9BI9E9ToJpuDkYaSuP3g%3D&t=4d5b0474&ps=13740610&shp=a5d48078&shcp=81f88b70&idc=useast5",,"false","245","41300000","28","26","313400000","6865486669187171334","ishowspeed","IShowSpeed","https://p16-pu-sign-useast8.tiktokcdn-us.com/tos-useast5-avt-0068-tx/7310136770681634859~tplv-tiktokx-cropcenter:720:720.jpeg?dr=9640&refresh_token=d44ae2b0&x-expires=1749466800&x-signature=ExDmhDE9BI9E9ToJpuDkYaSuP3g%3D&t=4d5b0474&ps=13740610&shp=a5d48078&shcp=81f88b70&idc=useast5","false","https://www.tiktok.com/@ishowspeed","US","","","false","true","26","382900","22300","1663886871","2022-09-22T22:47:51.000Z","5800000","2152115","Vortex","0","videos","ishowspeed",,"7146339632039447851","ishowspeed","false",,"false","false","false","Greater London, United Kingdom","","85000029","2635167","22535865202010940","London","https://p16-pu-sign-useast8.tiktokcdn-us.com/tos-useast5-avt-0068-tx/7310136770681634859~tplv-tiktokx-cropcenter:720:720.jpeg?dr=9640&refresh_token=d44ae2b0&x-expires=1749466800&x-signature=ExDmhDE9BI9E9ToJpuDkYaSuP3g%3D&t=4d5b0474&ps=13740610&shp=a5d48078&shcp=81f88b70&idc=useast8",,"IShowSpeed","7146339665396763435","original sound","true","https://p16-pu-sign-useast8.tiktokcdn-us.com/tos-useast5-avt-0068-tx/7310136770681634859~tplv-tiktokx-cropcenter:720:720.jpeg?dr=9640&refresh_token=d44ae2b0&x-expires=1749466800&x-signature=ExDmhDE9BI9E9ToJpuDkYaSuP3g%3D&t=4d5b0474&ps=13740610&shp=a5d48078&shcp=81f88b70&idc=useast8","https://v16m.tiktokcdn-us.com/dae7deced48328c309adb222df8d2c34/684473da/video/tos/useast5/tos-useast5-v-27dcd7-tx/16d37e155142458084ab7dc3a1a4c1b2/?a=1233&bti=ODszNWYuMDE6&ch=0&cr=0&dr=0&er=0&lr=default&cd=0%7C0%7C0%7C0&br=242&bt=121&ds=5&ft=GSDrKInz7ThYXAzKXq8Zmo&mime_type=video_mp4&qs=13&rc=anA6Omk6ZjloZjMzZzU8NEBpanA6Omk6ZjloZjMzZzU8NEBeNWtocjQwYGpgLS1kMS9zYSNeNWtocjQwYGpgLS1kMS9zcw%3D%3D&vvpl=1&l=20250607111505E3073F216F9CEC1D6F2B&btag=e00050000","65900000","24300","#ishowspeed ","un","https://p16-pu-sign-useast8.tiktokcdn-us.com/tos-useast5-p-0068-tx/b1061175537f4050b4cc4bb1acfde92f_1663886876~tplv-tiktokx-origin.image?dr=9636&x-expires=1749466800&x-signature=aUJyq2UpPc23upFaybhaE4bIWcc%3D&t=4d5b0474&ps=13740610&shp=81f88b70&shcp=43f4a2f9&idc=useast8","540p","65","mp4","1024","https://p16-pu-sign-useast8.tiktokcdn-us.com/tos-useast5-p-0068-tx/b1061175537f4050b4cc4bb1acfde92f_1663886876~tplv-tiktokx-origin.image?dr=9636&x-expires=1749466800&x-signature=aUJyq2UpPc23upFaybhaE4bIWcc%3D&t=4d5b0474&ps=13740610&shp=81f88b70&shcp=43f4a2f9&idc=useast8",,,,,,,"576","https://www.tiktok.com/@ishowspeed/video/7146339632039447851"
"https://p16-pu-sign-useast8.tiktokcdn-us.com/tos-useast5-avt-0068-tx/7310136770681634859~tplv-tiktokx-cropcenter:720:720.jpeg?dr=9640&refresh_token=d44ae2b0&x-expires=1749466800&x-signature=ExDmhDE9BI9E9ToJpuDkYaSuP3g%3D&t=4d5b0474&ps=13740610&shp=a5d48078&shcp=81f88b70&idc=useast5",,"false","245","41300000","28","26","313400000","6865486669187171334","ishowspeed","IShowSpeed","https://p16-pu-sign-useast8.tiktokcdn-us.com/tos-useast5-avt-0068-tx/7310136770681634859~tplv-tiktokx-cropcenter:720:720.jpeg?dr=9640&refresh_token=d44ae2b0&x-expires=1749466800&x-signature=ExDmhDE9BI9E9ToJpuDkYaSuP3g%3D&t=4d5b0474&ps=13740610&shp=a5d48078&shcp=81f88b70&idc=useast5","false","https://www.tiktok.com/@ishowspeed","US","","","false","true","26","300500","123600","1655008663","2022-06-12T04:37:43.000Z","7600000","2152115","Vortex","0","videos","ishowspeed",,"7108208077509250347","ishowspeed","false","true","false","false","false",,,,,,,"",,,"7107996431786068741","","false","",,"107200000","68800","#ishowspeed","un","https://p16-sign.tiktokcdn-us.com/obj/tos-useast5-p-0068-tx/90866b16a99d46a0bd4e1905248fd87e?lk3s=81f88b70&x-expires=1749466800&x-signature=78aVAJ7k81TBrhpI6yjly0S8zYU%3D&shp=81f88b70&shcp=-","540p","15","mp4","1024","https://p16-sign.tiktokcdn-us.com/obj/tos-useast5-p-0068-tx/90866b16a99d46a0bd4e1905248fd87e?lk3s=81f88b70&x-expires=1749466800&x-signature=78aVAJ7k81TBrhpI6yjly0S8zYU%3D&shp=81f88b70&shcp=-",,,,,,,"576","https://www.tiktok.com/@ishowspeed/video/7108208077509250347"
"https://p16-pu-sign-useast8.tiktokcdn-us.com/tos-useast5-avt-0068-tx/7310136770681634859~tplv-tiktokx-cropcenter:720:720.jpeg?dr=9640&refresh_token=d44ae2b0&x-expires=1749466800&x-signature=ExDmhDE9BI9E9ToJpuDkYaSuP3g%3D&t=4d5b0474&ps=13740610&shp=a5d48078&shcp=81f88b70&idc=useast5",,"false","245","41300000","28","26","313400000","6865486669187171334","ishowspeed","IShowSpeed","https://p16-pu-sign-useast8.tiktokcdn-us.com/tos-useast5-avt-0068-tx/7310136770681634859~tplv-tiktokx-cropcenter:720:720.jpeg?dr=9640&refresh_token=d44ae2b0&x-expires=1749466800&x-signature=ExDmhDE9BI9E9ToJpuDkYaSuP3g%3D&t=4d5b0474&ps=13740610&shp=a5d48078&shcp=81f88b70&idc=useast5","false","https://www.tiktok.com/@ishowspeed","US","","","false","true","26","259400","41400","1636230537","2021-11-06T20:28:57.000Z","5200000","2152115","Vortex","0","videos","ishowspeed",,"7027556643181382917","ishowspeed","false",,"false","false","false",,,,,,,"https://p16-pu-sign-useast8.tiktokcdn-us.com/tos-useast5-avt-0068-tx/7310136770681634859~tplv-tiktokx-cropcenter:720:720.jpeg?dr=9640&refresh_token=d44ae2b0&x-expires=1749466800&x-signature=ExDmhDE9BI9E9ToJpuDkYaSuP3g%3D&t=4d5b0474&ps=13740610&shp=a5d48078&shcp=81f88b70&idc=useast8",,"IShowSpeed","7027556533122681606","original sound","true","https://p16-pu-sign-useast8.tiktokcdn-us.com/tos-useast5-avt-0068-tx/7310136770681634859~tplv-tiktokx-cropcenter:720:720.jpeg?dr=9640&refresh_token=d44ae2b0&x-expires=1749466800&x-signature=ExDmhDE9BI9E9ToJpuDkYaSuP3g%3D&t=4d5b0474&ps=13740610&shp=a5d48078&shcp=81f88b70&idc=useast8","https://v16m.tiktokcdn-us.com/514e4648d54e493ff532dd2f4c6298e5/684473af/video/tos/useast5/tos-useast5-v-27dcd7-tx/af8567264c7647a893538364d1f54852/?a=1233&bti=ODszNWYuMDE6&ch=0&cr=0&dr=0&er=0&lr=default&cd=0%7C0%7C0%7C0&br=208&bt=104&ds=5&ft=GSDrKInz7ThYXAzKXq8Zmo&mime_type=video_mp4&qs=13&rc=ajtuOTk6ZjVoOTMzNzU8M0BpajtuOTk6ZjVoOTMzNzU8M0BsZXEvcjRnXzBgLS1kMTZzYSNsZXEvcjRnXzBgLS1kMTZzcw%3D%3D&vvpl=1&l=20250607111505E3073F216F9CEC1D6F2B&btag=e00078000","65300000","849200","#ishowspeed","un","https://p16-sign-va.tiktokcdn.com/obj/tos-maliva-p-0068/1219c788a0d145c39a873d98addbb419?lk3s=81f88b70&x-expires=1749466800&x-signature=J%2FyUy6HJ155itR4dwkGSNhKgjDM%3D&shp=81f88b70&shcp=-","540p","21","mp4","1024","https://p16-sign-va.tiktokcdn.com/obj/tos-maliva-p-0068/1219c788a0d145c39a873d98addbb419?lk3s=81f88b70&x-expires=1749466800&x-signature=J%2FyUy6HJ155itR4dwkGSNhKgjDM%3D&shp=81f88b70&shcp=-","https://v16m-webapp.tiktokcdn-us.com/ba10017a6e53d72c9d8049ccf0ce4688/6846c24f/video/tos/useast5/tos-useast5-v-0068-tx/25f850d638684b298bac5cf6f7545fe1/?a=1988&bti=ODszNWYuMDE6&ch=0&cr=3&dr=0&lr=all&cd=0%7C0%7C0%7C&cv=1&br=6258&bt=3129&ds=3&ft=4KLMeMzm8Zmo0K4eZI4jVGCkQpWrKsd.&mime_type=video_mp4&qs=13&rc=M2tobjg6ZjdoOTMzNzczM0BpM2tobjg6ZjdoOTMzNzczM0BfbmxmcjRvXjBgLS1kMTZzYSNfbmxmcjRvXjBgLS1kMTZzcw%3D%3D&l=20250607111505E3073F216F9CEC1D6F2B&btag=e00078000","eng-US","ASR","automatic speech recognition","https://v16m-webapp.tiktokcdn-us.com/ba10017a6e53d72c9d8049ccf0ce4688/6846c24f/video/tos/useast5/tos-useast5-v-0068-tx/25f850d638684b298bac5cf6f7545fe1/?a=1988&bti=ODszNWYuMDE6&ch=0&cr=3&dr=0&lr=all&cd=0%7C0%7C0%7C&cv=1&br=6258&bt=3129&ds=3&ft=4KLMeMzm8Zmo0K4eZI4jVGCkQpWrKsd.&mime_type=video_mp4&qs=13&rc=M2tobjg6ZjdoOTMzNzczM0BpM2tobjg6ZjdoOTMzNzczM0BfbmxmcjRvXjBgLS1kMTZzYSNfbmxmcjRvXjBgLS1kMTZzcw%3D%3D&l=20250607111505E3073F216F9CEC1D6F2B&btag=e00078000","1","576","https://www.tiktok.com/@ishowspeed/video/7027556643181382917"
"https://p16-pu-sign-useast8.tiktokcdn-us.com/tos-useast5-avt-0068-tx/7310136770681634859~tplv-tiktokx-cropcenter:720:720.jpeg?dr=9640&refresh_token=d44ae2b0&x-expires=1749466800&x-signature=ExDmhDE9BI9E9ToJpuDkYaSuP3g%3D&t=4d5b0474&ps=13740610&shp=a5d48078&shcp=81f88b70&idc=useast5",,"false","245","41300000","28","26","313400000","6865486669187171334","ishowspeed","IShowSpeed","https://p16-pu-sign-useast8.tiktokcdn-us.com/tos-useast5-avt-0068-tx/7310136770681634859~tplv-tiktokx-cropcenter:720:720.jpeg?dr=9640&refresh_token=d44ae2b0&x-expires=1749466800&x-signature=ExDmhDE9BI9E9ToJpuDkYaSuP3g%3D&t=4d5b0474&ps=13740610&shp=a5d48078&shcp=81f88b70&idc=useast5","false","https://www.tiktok.com/@ishowspeed","US","","","false","true","26","122700","26900","1632433650","2021-09-23T21:47:30.000Z","3000000","2152115","Vortex","0","videos","ishowspeed",,"7011249135206665477","ishowspeed","false",,"false","false","false",,,,,,,"https://p19-pu-sign-useast8.tiktokcdn-us.com/tos-useast5-avt-0068-tx/db966337dc2f58807e2e4c30ff8065b5~tplv-tiktokx-cropcenter:720:720.jpeg?dr=9640&refresh_token=5aaef701&x-expires=1749466800&x-signature=M14AI0b14SKI3GEl0w0iWqu%2F%2FGE%3D&t=4d5b0474&ps=13740610&shp=a5d48078&shcp=81f88b70&idc=useast8",,"6ix attempts","7010975284258278149","original sound","true","https://p19-pu-sign-useast8.tiktokcdn-us.com/tos-useast5-avt-0068-tx/db966337dc2f58807e2e4c30ff8065b5~tplv-tiktokx-cropcenter:720:720.jpeg?dr=9640&refresh_token=5aaef701&x-expires=1749466800&x-signature=M14AI0b14SKI3GEl0w0iWqu%2F%2FGE%3D&t=4d5b0474&ps=13740610&shp=a5d48078&shcp=81f88b70&idc=useast8","https://v16m.tiktokcdn-us.com/56e49c139a6756a9b2d0f3498a7b9fb3/684473af/video/tos/useast5/tos-useast5-v-27dcd7-tx/ea8c93bf4f7e4e81ae013d6cbab8cfc1/?a=1233&bti=ODszNWYuMDE6&ch=0&cr=0&dr=0&er=0&lr=default&cd=0%7C0%7C0%7C0&br=248&bt=124&ds=5&ft=GSDrKInz7ThYXAzKXq8Zmo&mime_type=video_mp4&qs=13&rc=Mzh4bTU6ZmZ5ODMzNzU8M0BpMzh4bTU6ZmZ5ODMzNzU8M0BiYGlwcjRfbjJgLS1kMTZzYSNiYGlwcjRfbjJgLS1kMTZzcw%3D%3D&vvpl=1&l=20250607111505E3073F216F9CEC1D6F2B&btag=e00078000","52900000","68000","#ishowspeed","un","https://p16-sign-va.tiktokcdn.com/obj/tos-maliva-p-0068/6eeb6b31fc304832b3ef4dee7fc4fb4f?lk3s=81f88b70&x-expires=1749466800&x-signature=OFYIKKXbFMmZKyesZ2kIH2o72Es%3D&shp=81f88b70&shcp=-","540p","15","mp4","1024","https://p16-sign-va.tiktokcdn.com/obj/tos-maliva-p-0068/6eeb6b31fc304832b3ef4dee7fc4fb4f?lk3s=81f88b70&x-expires=1749466800&x-signature=OFYIKKXbFMmZKyesZ2kIH2o72Es%3D&shp=81f88b70&shcp=-",,,,,,,"576","https://www.tiktok.com/@ishowspeed/video/7011249135206665477"
"https://p16-pu-sign-useast8.tiktokcdn-us.com/tos-useast5-avt-0068-tx/7310136770681634859~tplv-tiktokx-cropcenter:720:720.jpeg?dr=9640&refresh_token=d44ae2b0&x-expires=1749466800&x-signature=ExDmhDE9BI9E9ToJpuDkYaSuP3g%3D&t=4d5b0474&ps=13740610&shp=a5d48078&shcp=81f88b70&idc=useast5",,"false","245","41300000","28","26","313400000","6865486669187171334","ishowspeed","IShowSpeed","https://p16-pu-sign-useast8.tiktokcdn-us.com/tos-useast5-avt-0068-tx/7310136770681634859~tplv-tiktokx-cropcenter:720:720.jpeg?dr=9640&refresh_token=d44ae2b0&x-expires=1749466800&x-signature=ExDmhDE9BI9E9ToJpuDkYaSuP3g%3D&t=4d5b0474&ps=13740610&shp=a5d48078&shcp=81f88b70&idc=useast5","false","https://www.tiktok.com/@ishowspeed","US","","","false","true","26","99900","24700","1631412364","2021-09-12T02:06:04.000Z","3300000","2152115","Vortex","0","videos","ishowspeed",,"7006862742720204038","ishowspeed","false",,"false","false","false",,,,,,,"https://p16-common-sg.tiktokcdn-us.com/tos-alisg-v-2774/o4JAaEUzPBiAAAiliAMEaEVSYWrZBUW9o4iXA~tplv-tiktokx-cropcenter:200:200.jpeg?dr=9584&t=4d5b0474&ps=933b5bde&shp=08d74b56&shcp=81f88b70&idc=useast8","ONE CALL","Rich Amiri","7304713194415950625","ONE CALL","false","https://p16-common-sg.tiktokcdn-us.com/tos-alisg-v-2774/o4JAaEUzPBiAAAiliAMEaEVSYWrZBUW9o4iXA~tplv-tiktokx-cropcenter:200:200.jpeg?dr=9584&t=4d5b0474&ps=933b5bde&shp=08d74b56&shcp=81f88b70&idc=useast8","https://sf16.tiktokcdn-us.com/obj/tos-alisg-ve-2774/oA5abDv8MCQSpADt2BoET1OPPIiZgMFWl9BJef","48900000","19400","#ishowspeed","un","https://p16-pu-sign-useast8.tiktokcdn-us.com/tos-useast5-p-0068-tx/owAlA5hf3ibxtBXAEyiBwjvaIpadwmrFBp1NKK~tplv-tiktokx-origin.image?dr=9636&x-expires=1749466800&x-signature=mxYqt0FCYy4Lvr52INS1ziHxDMI%3D&t=4d5b0474&ps=13740610&shp=81f88b70&shcp=43f4a2f9&idc=useast8","540p","8","mp4","1024","https://p16-pu-sign-useast8.tiktokcdn-us.com/tos-useast5-p-0068-tx/owAlA5hf3ibxtBXAEyiBwjvaIpadwmrFBp1NKK~tplv-tiktokx-origin.image?dr=9636&x-expires=1749466800&x-signature=mxYqt0FCYy4Lvr52INS1ziHxDMI%3D&t=4d5b0474&ps=13740610&shp=81f88b70&shcp=43f4a2f9&idc=useast8",,,,,,,"576","https://www.tiktok.com/@ishowspeed/video/7006862742720204038"
"https://p16-pu-sign-useast8.tiktokcdn-us.com/tos-useast5-avt-0068-tx/7310136770681634859~tplv-tiktokx-cropcenter:720:720.jpeg?dr=9640&refresh_token=d44ae2b0&x-expires=1749466800&x-signature=ExDmhDE9BI9E9ToJpuDkYaSuP3g%3D&t=4d5b0474&ps=13740610&shp=a5d48078&shcp=81f88b70&idc=useast5",,"false","245","41300000","28","26","313400000","6865486669187171334","ishowspeed","IShowSpeed","https://p16-pu-sign-useast8.tiktokcdn-us.com/tos-useast5-avt-0068-tx/7310136770681634859~tplv-tiktokx-cropcenter:720:720.jpeg?dr=9640&refresh_token=d44ae2b0&x-expires=1749466800&x-signature=ExDmhDE9BI9E9ToJpuDkYaSuP3g%3D&t=4d5b0474&ps=13740610&shp=a5d48078&shcp=81f88b70&idc=useast5","false","https://www.tiktok.com/@ishowspeed","US","","","false","true","26","135000","37300","1630977395","2021-09-07T01:16:35.000Z","4300000","2152115","Vortex","0","videos","ishowspeed",,"7004994565354704134","ishowspeed","false",,"false","false","false",,,,,,,"https://p16-pu-sign-useast8.tiktokcdn-us.com/tos-useast5-avt-0068-tx/7310136770681634859~tplv-tiktokx-cropcenter:720:720.jpeg?dr=9640&refresh_token=d44ae2b0&x-expires=1749466800&x-signature=ExDmhDE9BI9E9ToJpuDkYaSuP3g%3D&t=4d5b0474&ps=13740610&shp=a5d48078&shcp=81f88b70&idc=useast8",,"IShowSpeed","7004994400652921605","original sound","true","https://p16-pu-sign-useast8.tiktokcdn-us.com/tos-useast5-avt-0068-tx/7310136770681634859~tplv-tiktokx-cropcenter:720:720.jpeg?dr=9640&refresh_token=d44ae2b0&x-expires=1749466800&x-signature=ExDmhDE9BI9E9ToJpuDkYaSuP3g%3D&t=4d5b0474&ps=13740610&shp=a5d48078&shcp=81f88b70&idc=useast8","https://v16m.tiktokcdn-us.com/c3a98e0ee3c1f08cf00d1836b6231364/684473a4/video/tos/useast5/tos-useast5-v-27dcd7-tx/b5de9e7b75084ad281646b444f64e55f/?a=1233&bti=ODszNWYuMDE6&ch=0&cr=0&dr=0&er=0&lr=default&cd=0%7C0%7C0%7C0&br=218&bt=109&ds=5&ft=GSDrKInz7ThYXAzKXq8Zmo&mime_type=video_mp4&qs=13&rc=M2Zxazw6ZndlNzMzNzU8M0BpM2Zxazw6ZndlNzMzNzU8M0BsNmticjRnbm9gLS1kMTZzYSNsNmticjRnbm9gLS1kMTZzcw%3D%3D&vvpl=1&l=20250607111505E3073F216F9CEC1D6F2B&btag=e00070000","55000000","72600","#ishowspeed","un","https://p16-sign-va.tiktokcdn.com/obj/tos-maliva-p-0068/0cfb2f384fdc4bd88c0b5800f620add1?lk3s=81f88b70&x-expires=1749466800&x-signature=Oj1msT6X9zrs6MG%2Bkv3EtrUncfg%3D&shp=81f88b70&shcp=-","540p","10","mp4","1024","https://p16-sign-va.tiktokcdn.com/obj/tos-maliva-p-0068/0cfb2f384fdc4bd88c0b5800f620add1?lk3s=81f88b70&x-expires=1749466800&x-signature=Oj1msT6X9zrs6MG%2Bkv3EtrUncfg%3D&shp=81f88b70&shcp=-","https://v16m-webapp.tiktokcdn-us.com/4210ab9e9b1e8430b143f5502eb6ac21/6846c244/video/tos/useast5/tos-useast5-v-0068-tx/5c721b3848c84ec4bcdcb32511a00938/?a=1988&bti=ODszNWYuMDE6&ch=0&cr=3&dr=0&lr=all&cd=0%7C0%7C0%7C&cv=1&br=5220&bt=2610&ds=3&ft=4KLMeMzm8Zmo0K4eZI4jVGCkQpWrKsd.&mime_type=video_mp4&qs=13&rc=M3d3bjY6ZjZnNzMzNzczM0BpM3d3bjY6ZjZnNzMzNzczM0AxX2dwcjRfL29gLS1kMTZzYSMxX2dwcjRfL29gLS1kMTZzcw%3D%3D&l=20250607111505E3073F216F9CEC1D6F2B&btag=e00070000","eng-US","ASR","automatic speech recognition","https://v16m-webapp.tiktokcdn-us.com/4210ab9e9b1e8430b143f5502eb6ac21/6846c244/video/tos/useast5/tos-useast5-v-0068-tx/5c721b3848c84ec4bcdcb32511a00938/?a=1988&bti=ODszNWYuMDE6&ch=0&cr=3&dr=0&lr=all&cd=0%7C0%7C0%7C&cv=1&br=5220&bt=2610&ds=3&ft=4KLMeMzm8Zmo0K4eZI4jVGCkQpWrKsd.&mime_type=video_mp4&qs=13&rc=M3d3bjY6ZjZnNzMzNzczM0BpM3d3bjY6ZjZnNzMzNzczM0AxX2dwcjRfL29gLS1kMTZzYSMxX2dwcjRfL29gLS1kMTZzcw%3D%3D&l=20250607111505E3073F216F9CEC1D6F2B&btag=e00070000","1","576","https://www.tiktok.com/@ishowspeed/video/7004994565354704134"
"https://p16-pu-sign-useast8.tiktokcdn-us.com/tos-useast5-avt-0068-tx/7310136770681634859~tplv-tiktokx-cropcenter:720:720.jpeg?dr=9640&refresh_token=d44ae2b0&x-expires=1749466800&x-signature=ExDmhDE9BI9E9ToJpuDkYaSuP3g%3D&t=4d5b0474&ps=13740610&shp=a5d48078&shcp=81f88b70&idc=useast5",,"false","245","41300000","28","26","313400000","6865486669187171334","ishowspeed","IShowSpeed","https://p16-pu-sign-useast8.tiktokcdn-us.com/tos-useast5-avt-0068-tx/7310136770681634859~tplv-tiktokx-cropcenter:720:720.jpeg?dr=9640&refresh_token=d44ae2b0&x-expires=1749466800&x-signature=ExDmhDE9BI9E9ToJpuDkYaSuP3g%3D&t=4d5b0474&ps=13740610&shp=a5d48078&shcp=81f88b70&idc=useast5","false","https://www.tiktok.com/@ishowspeed","US","","","false","true","26","154400","49600","1630808912","2021-09-05T02:28:32.000Z","4000000","2152115","Vortex","0","videos","ishowspeed",,"7004270936291659013","ishowspeed","false",,"false","false","false",,,,,,,"https://p16-common-sg.tiktokcdn-us.com/tos-alisg-v-2774/o4GERh3mI9gtQewBUD0DfBCZM2CFAAcgAVxlIK~tplv-tiktokx-cropcenter:200:200.jpeg?dr=9584&t=4d5b0474&ps=933b5bde&shp=08d74b56&shcp=81f88b70&idc=useast8","#CERTIFIED (DJ Ess Mix) [feat. DJ Ess]","BabyTron","7315237660875999234","#CERTIFIED (feat. DJ Ess) (DJ Ess Mix)","false","https://p16-common-sg.tiktokcdn-us.com/tos-alisg-v-2774/o4GERh3mI9gtQewBUD0DfBCZM2CFAAcgAVxlIK~tplv-tiktokx-cropcenter:200:200.jpeg?dr=9584&t=4d5b0474&ps=933b5bde&shp=08d74b56&shcp=81f88b70&idc=useast8","https://sf16.tiktokcdn-us.com/obj/tos-alisg-ve-2774/oMDBLrWazYlFogLfk2Qd0LDLCeaFEDe4CADZhg","58300000","125100","#ishowspeed","un","https://p19-pu-sign-useast8.tiktokcdn-us.com/tos-useast5-p-0068-tx/oM8Ef6CPgLtSACklrLUjreAN0IIkeHIGQrzSKF~tplv-tiktokx-origin.image?dr=9636&x-expires=1749466800&x-signature=%2FuvXgXCCSAlMd7OVvVaNWLYMAvw%3D&t=4d5b0474&ps=13740610&shp=81f88b70&shcp=43f4a2f9&idc=useast8","540p","9","mp4","1024","https://p19-pu-sign-useast8.tiktokcdn-us.com/tos-useast5-p-0068-tx/oM8Ef6CPgLtSACklrLUjreAN0IIkeHIGQrzSKF~tplv-tiktokx-origin.image?dr=9636&x-expires=1749466800&x-signature=%2FuvXgXCCSAlMd7OVvVaNWLYMAvw%3D&t=4d5b0474&ps=13740610&shp=81f88b70&shcp=43f4a2f9&idc=useast8",,,,,,,"576","https://www.tiktok.com/@ishowspeed/video/7004270936291659013"
