created_at,text,media_type,media_url,views_count,quote_count,like_count,reply_count,retweet_count,language,translated_text,sentiment_score,sentiment_label,date
2025-05-31 19:47:00+00:00,ğŸš¨| WATCH: Speed just met Fabrizio Romano and got him to say â€œHere we go IShowSpeed to Man Unitedâ€ ğŸ˜­ğŸ˜­ https://t.co/pQIRlFbSfc,video,https://pbs.twimg.com/amplify_video_thumb/1928900929530523648/img/8qXBKMQ9FXwvxvgT.jpg,1556447,108,60791,114,3364,en,ğŸš¨| WATCH: Speed just met Fabrizio Romano and got him to say â€œHere we go IShowSpeed to Man Unitedâ€ ğŸ˜­ğŸ˜­ https://t.co/pQIRlFbSfc,-0.7351,Negative,2025-05-31
2025-05-31 22:17:16+00:00,"Khabib & IShowSpeed wtf 
#UCLfinal  ğŸ¤¯ https://t.co/mEPWgDci3i",photo,https://pbs.twimg.com/media/GsT3imJXAAA93Tq.jpg,8768,108,311,4,9,en,"Khabib & IShowSpeed wtf 
#UCLfinal  ğŸ¤¯ https://t.co/mEPWgDci3i",-0.5859,Negative,2025-05-31
2025-05-31 20:46:59+00:00,"ISHOWSPEED CÃ‰LÃˆBRE ACTUELLEMENT LA VICTOIRE AVEC LES ULTRAS DU PSG ğŸ˜­

Câ€™EST FOU CE QUâ€™IL SE PASSE, PUTAIN. 

 https://t.co/ZSBrAU5be7",video,https://pbs.twimg.com/amplify_video_thumb/1928915604062277632/img/_H5wGdScNsEma8Uu.jpg,254217,108,10135,36,596,en,"ISHOWSPEED CÃ‰LÃˆBRE ACTUELLEMENT LA VICTOIRE AVEC LES ULTRAS DU PSG ğŸ˜­

Câ€™EST FOU CE QUâ€™IL SE PASSE, PUTAIN. 

 https://t.co/ZSBrAU5be7",-0.4767,Negative,2025-05-31
2025-05-30 19:24:33+00:00,IShowSpeed a soulevÃ© le trophÃ©e de la Ligue des Champions avant Kylian MbappÃ© ğŸ’€ https://t.co/xspVocCUfa,photo,https://pbs.twimg.com/media/GsOGjCbWcAAa74V.jpg,627652,108,17174,135,909,fr,Ishowspeed raised the trophy of the Champions League before Kylian MbappÃ© ğŸ’€ https://t.co/xSpv occupa,0.5267,Positive,2025-05-30
2025-05-30 19:03:48+00:00,Usain Bolt has offered IShowSpeed private coaching lessons to help him run faster https://t.co/SwyVxInxYz,photo,https://pbs.twimg.com/media/GsOBzI4WIAIV3OT.jpg,12858510,108,83344,260,1697,en,Usain Bolt has offered IShowSpeed private coaching lessons to help him run faster https://t.co/SwyVxInxYz,0.4019,Positive,2025-05-30
2025-05-22 19:15:30+00:00,"iShowSpeed ""One Kiss Is All It Takes"" Rage (2022) https://t.co/m26c0sWkT5",video,https://pbs.twimg.com/amplify_video_thumb/1925568473238806528/img/aHD-terS-V9HA2jW.jpg,1789104,108,65710,68,5583,en,"iShowSpeed ""One Kiss Is All It Takes"" Rage (2022) https://t.co/m26c0sWkT5",-0.2023,Negative,2025-05-22
2025-05-31 22:52:17+00:00,"ğŸ‡ºğŸ‡¸ ISHOWSPEED x DÃ‰SIRÃ‰ DOUÃ‰ ğŸ‡«ğŸ‡· 

DEUX GÃ‰NIES DANS LEUR DOMAINE. https://t.co/8ZesLFi3hK",photo,https://pbs.twimg.com/media/GsT_rduWoAAAFvh.jpg,89101,108,5989,52,224,de,"ğŸ‡ºğŸ‡¸ Ishowspeed x desired gifted ğŸ‡«ğŸ‡· 

Two geniuses in their field. https://t.co/8zeslf3hk",0.2732,Positive,2025-05-31
2025-05-30 18:26:42+00:00,"iShowSpeed, American YouTuber,  Stands with  Palestine ğŸ‡µğŸ‡¸ https://t.co/ytpiE7iS3V",video,https://pbs.twimg.com/amplify_video_thumb/1928518336012259329/img/yUBYnpQLo-5qyIdi.jpg,21716,108,4744,25,916,en,"iShowSpeed, American YouTuber,  Stands with  Palestine ğŸ‡µğŸ‡¸ https://t.co/ytpiE7iS3V",0.0,Neutral,2025-05-30
2025-05-30 17:58:24+00:00,IShowSpeed linking up with DembÃ©lÃ© ğŸ‡«ğŸ‡· before the final is wild ğŸ¤¯ https://t.co/9xV0cRGFow,photo,https://pbs.twimg.com/media/GsNyiFCX0AAqrnI.jpg,8831,108,66,4,1,en,IShowSpeed linking up with DembÃ©lÃ© ğŸ‡«ğŸ‡· before the final is wild ğŸ¤¯ https://t.co/9xV0cRGFow,0.0,Neutral,2025-05-30
2025-05-31 20:02:18+00:00,"IShowSpeed met Fabrizio Romano and got him to say, 

â€œHere we go â€” IShowSpeed to Man United!â€
 https://t.co/ZEUPFvMoXI",video,https://pbs.twimg.com/amplify_video_thumb/1928900929530523648/img/8qXBKMQ9FXwvxvgT.jpg,1446743,108,28428,66,806,en,"IShowSpeed met Fabrizio Romano and got him to say, 

â€œHere we go â€” IShowSpeed to Man United!â€
 https://t.co/ZEUPFvMoXI",0.0,Neutral,2025-05-31
2025-05-31 19:26:46+00:00,"ğŸš¨ LA RÃ‰ACTION Dâ€™ISHOWSPEED APRÃˆS LE MAGNIFIQUE BUT DE DESIRÃ‰ DOUÃ‰ POUR PARIS !!

Câ€™EST LA FOLIE Ã€ MUNICH CE SOIR ğŸ‰

 https://t.co/DHNauMzAJr",video,https://pbs.twimg.com/amplify_video_thumb/1928895680153571328/img/pivCzyD9hTko7Mdb.jpg,634637,108,13828,46,598,de,"ğŸš¨ Ishowspeed's reaction after the magnificent goal of DesirÃ© GouÃ© for Paris !!

It's madness in Munich tonight ğŸ‰

 https://t.co/dhnaumzajr",0.6467,Positive,2025-05-31
2025-05-31 11:09:24+00:00,Ishowspeed lift a UCL trophy before Arsenal ğŸ˜­ğŸ˜­ https://t.co/rmvrrcxsZ8,photo,https://pbs.twimg.com/media/GsRey2RWgAA7n2b.jpg,1958,108,84,4,6,en,Ishowspeed lift a UCL trophy before Arsenal ğŸ˜­ğŸ˜­ https://t.co/rmvrrcxsZ8,-0.7351,Negative,2025-05-31
2025-05-30 19:22:30+00:00,"Achraf Hakimi a acceptÃ© de faire la course avec IShowSpeed. ğŸ¤£ğŸ¤£ğŸ‡²ğŸ‡¦ğŸƒğŸ»

ğŸ¥ (@IShowSpeedHQ) https://t.co/1wh1hxrNpc",video,https://pbs.twimg.com/amplify_video_thumb/1928512544592773120/img/ZtQ6vN6svczTavFp.jpg,655368,108,13960,23,509,en,"Achraf Hakimi a acceptÃ© de faire la course avec IShowSpeed. ğŸ¤£ğŸ¤£ğŸ‡²ğŸ‡¦ğŸƒğŸ»

ğŸ¥ (@IShowSpeedHQ) https://t.co/1wh1hxrNpc",0.4939,Positive,2025-05-30
2025-05-31 19:58:06+00:00,IShowSpeed just met Tom Brady and his entire family at the UEFA Champions League final ğŸ”¥ https://t.co/wXC8cfZ1u0,video,https://pbs.twimg.com/amplify_video_thumb/1928901745578516480/img/Nc_vyjdfRuTz0CLd.jpg,1898161,108,45853,123,1131,en,IShowSpeed just met Tom Brady and his entire family at the UEFA Champions League final ğŸ”¥ https://t.co/wXC8cfZ1u0,0.25,Positive,2025-05-31
2025-05-30 18:02:19+00:00,"IShowSpeed a proposÃ© au footballeur Ousmane DembÃ©lÃ© de lâ€™affronter dans un sprint ğŸ˜­ 

(Il a rien compris ptdrrr) 

 https://t.co/SzdQCzYorF",video,https://pbs.twimg.com/amplify_video_thumb/1928512099874934786/img/UjkNfeGofwRN7GhG.jpg,1092824,108,16872,76,517,fr,"Ishowspeed offered the footballer Ousmane DembÃ©lÃ© to face him in a sprint ğŸ˜­ 

(He understood nothing ptdrrr) 

 https://t.co/szdqczyorf",-0.4767,Negative,2025-05-30
2025-06-01 06:11:56+00:00,"La rencontre entre DÃ©sirÃ© DouÃ© et iShowSpeed cette nuit ğŸ˜­

Il lui a demandÃ© de faire sa fameuse danse mdrr 

 https://t.co/gkqjVlHebu",video,https://pbs.twimg.com/amplify_video_thumb/1929058183831511040/img/dkF7ZkX_5pxN_1lX.jpg,803306,108,14107,33,483,fr,"The meeting between DÃ©sirÃ© DouÃ© and Ishowspeed this night ğŸ˜­

He asked her to make her famous lol dance 

 https://t.co/gkqjvlhebu",-0.0772,Negative,2025-06-01
2025-05-31 21:44:51+00:00,Marcelo with IShowSpeed. https://t.co/L9bJgwvskR,photo,https://pbs.twimg.com/media/GsTwPs6XsAAM4-B.jpg,16207,108,1011,3,17,en,Marcelo with IShowSpeed. https://t.co/L9bJgwvskR,0.0,Neutral,2025-05-31
2025-05-24 18:40:18+00:00,"â€œIâ€™m from Israelâ€  

iShowSpeed: â€œâ€¦.Free Palestine ğŸ‡µğŸ‡¸, not gonna lie broâ€ https://t.co/kCIItqlKrx",video,https://pbs.twimg.com/amplify_video_thumb/1926347398499942400/img/n_Vp0c59-TXxSWAr.jpg,169711,108,12590,90,2078,en,"â€œIâ€™m from Israelâ€  

iShowSpeed: â€œâ€¦.Free Palestine ğŸ‡µğŸ‡¸, not gonna lie broâ€ https://t.co/kCIItqlKrx",0.0,Neutral,2025-05-24
2025-06-05 21:32:24+00:00,iShowSpeed launched himself into his setup after achieving 40M subs on YouTube ğŸ˜­ https://t.co/hgFidBSNtT,video,https://pbs.twimg.com/amplify_video_thumb/1930734590966013952/img/-xs79-KrXW8VzxA9.jpg,10151270,108,111677,1217,3443,en,iShowSpeed launched himself into his setup after achieving 40M subs on YouTube ğŸ˜­ https://t.co/hgFidBSNtT,-0.3818,Negative,2025-06-05
2025-06-06 15:06:04+00:00,"iShowSpeed understood what his Brazilian friend, Receba, was trying to say without him speaking English ğŸ˜­ https://t.co/jjn3Gt4wB6",video,https://pbs.twimg.com/ext_tw_video_thumb/1930706550470881280/pu/img/FFKB9ur-J0N3lyEh.jpg,2011398,108,44008,119,955,en,"iShowSpeed understood what his Brazilian friend, Receba, was trying to say without him speaking English ğŸ˜­ https://t.co/jjn3Gt4wB6",0.0258,Neutral,2025-06-06
2025-06-01 10:44:31+00:00,#KeralaBlasters legend @Humey_7's Instagram story against #IShowSpeed https://t.co/qwL5fY8D7o,photo,https://pbs.twimg.com/media/GsWisV-bUAAWlUm.jpg,3205,108,10,2,0,en,#KeralaBlasters legend @Humey_7's Instagram story against #IShowSpeed https://t.co/qwL5fY8D7o,0.0,Neutral,2025-06-01
2025-06-05 19:34:59+00:00,Los Colgaos x ishowspeed https://t.co/LZsSFMFYKy,photo,https://pbs.twimg.com/media/GstCeO-WoAAOGf6.jpg,352290,108,15859,16,607,en,Los Colgaos x ishowspeed https://t.co/LZsSFMFYKy,0.0,Neutral,2025-06-05
2025-06-06 13:20:32+00:00,Remember when Ronaldo scored against Germany and did the Ishowspeedâ€™s Suii celebration. https://t.co/bEL1CUM7Oy,photo,https://pbs.twimg.com/media/Gsw2WnHWEAAuIx8.jpg,13793,108,956,12,97,en,Remember when Ronaldo scored against Germany and did the Ishowspeedâ€™s Suii celebration. https://t.co/bEL1CUM7Oy,0.0,Neutral,2025-06-06
2025-06-07 00:00:00+00:00,IShowSpeed has officially hit 40 million subs on YouTube https://t.co/wcqf4K8In8,photo,https://pbs.twimg.com/media/Gsyi-NrWAAAuhTN.png,6302,108,170,2,7,en,IShowSpeed has officially hit 40 million subs on YouTube https://t.co/wcqf4K8In8,0.0,Neutral,2025-06-07
2025-05-31 07:58:32+00:00,ishowspeed laser/lazer eyes gif (made by me) https://t.co/9f6H6xniLw,animated_gif,https://pbs.twimg.com/tweet_video_thumb/GsQzFx2WUAATeDv.jpg,2223,108,26,4,1,en,ishowspeed laser/lazer eyes gif (made by me) https://t.co/9f6H6xniLw,0.0,Neutral,2025-05-31
2025-06-07 00:27:01+00:00,"iShowSpeed couldnâ€™t believe his eyes ğŸ’€
 https://t.co/PVFk2mSDR4",video,https://pbs.twimg.com/amplify_video_thumb/1930253540196298753/img/uJq5GjbaRq-YuqGw.jpg,1523540,108,5098,231,222,en,"iShowSpeed couldnâ€™t believe his eyes ğŸ’€
 https://t.co/PVFk2mSDR4",0.0,Neutral,2025-06-07
2025-05-30 18:26:42+00:00,"iShowSpeed, American YouTuber,  Stands with  Palestine ğŸ‡µğŸ‡¸ https://t.co/ytpiE7iS3V",video,https://pbs.twimg.com/amplify_video_thumb/1928518336012259329/img/yUBYnpQLo-5qyIdi.jpg,24761,108,5145,26,967,en,"iShowSpeed, American YouTuber,  Stands with  Palestine ğŸ‡µğŸ‡¸ https://t.co/ytpiE7iS3V",0.0,Neutral,2025-05-30
2025-06-05 18:24:34+00:00,"iShowSpeed was gifted a ""FREE PALESTINE"" shirt in Norway! ğŸ‡µğŸ‡¸ https://t.co/MjWyu3TIht",video,https://pbs.twimg.com/amplify_video_thumb/1930691968914345984/img/fmvEXxF9RIZIxa6s.jpg,49647,108,6297,7,590,en,"iShowSpeed was gifted a ""FREE PALESTINE"" shirt in Norway! ğŸ‡µğŸ‡¸ https://t.co/MjWyu3TIht",0.6514,Positive,2025-06-05
2025-06-05 21:13:51+00:00,@HedorahTheSm0g is it tho https://t.co/S9R5KcjlcA,animated_gif,https://pbs.twimg.com/tweet_video_thumb/GstZGDTXcAARImp.jpg,992,108,4,4,0,en,@HedorahTheSm0g is it tho https://t.co/S9R5KcjlcA,0.0,Neutral,2025-06-05
2025-05-29 00:13:55+00:00,this was the first clip i ever saw from ishowspeed and i remember laughing my ass off the first time i saw it https://t.co/mcBBvS0tCz,video,https://pbs.twimg.com/ext_tw_video_thumb/1927881000685539328/pu/img/KobTsFOeDB8HnKsy.jpg,3173,108,13,0,0,en,this was the first clip i ever saw from ishowspeed and i remember laughing my ass off the first time i saw it https://t.co/mcBBvS0tCz,-0.0772,Negative,2025-05-29
2025-06-02 03:14:04+00:00,"iShowSpeed, American YouTuber,  Stands with  Palestine ğŸ‡µğŸ‡¸ https://t.co/4A3M2ATtZJ",video,https://pbs.twimg.com/amplify_video_thumb/1929375857019138048/img/EI_phnwRwvooqCH0.jpg,99203,108,9135,27,820,en,"iShowSpeed, American YouTuber,  Stands with  Palestine ğŸ‡µğŸ‡¸ https://t.co/4A3M2ATtZJ",0.0,Neutral,2025-06-02
2025-06-05 21:23:27+00:00,"ğŸš¨ ISHOWSPEED VIENT DE FRANCHIR LA BARRE DES 40 MILLIONS Dâ€™ABONNÃ‰S ! 

IL DEVIENT OFFICIELLEMENT LE STREAMER LE PLUS POPULAIRE DANS LE MONDE ğŸŒ 

 https://t.co/uOcAsrq2DT",video,https://pbs.twimg.com/amplify_video_thumb/1930737128524185600/img/EhleSyRo4uy9_Rf0.jpg,1780542,108,34024,449,1727,de,"ğŸš¨ Ishowspeed has just crossed the 40 million subscribers mark! 

He officially becomes the most popular streamer in the world ğŸŒ 

 https://t.co/uocasrq2dt",0.5244,Positive,2025-06-05
2025-05-28 18:41:35+00:00,Ishowspeed can be this calm? Love is a beautiful thing. https://t.co/33bGWRCkLD,video,https://pbs.twimg.com/amplify_video_thumb/1927796886200545281/img/TmCXmYjgEooBNrGq.jpg,216789,108,5439,37,363,en,Ishowspeed can be this calm? Love is a beautiful thing. https://t.co/33bGWRCkLD,0.8939,Positive,2025-05-28
